sample_id,time,Valuetype,Source,Value
2347,"2017-09-25 12:37:09.735726",std_d18O,CoWSstd2,0.197061736390584
2347,"2017-09-25 12:37:09.735726",cows_readytime,CoWSstd2,1200.0
2347,"2017-09-25 12:37:09.735726",cows_switchtime,CoWSstd2,1020.0
2347,"2017-09-25 12:37:09.735726",mean_H2O,CoWSstd2,19569.3006080185
2347,"2017-09-25 12:37:09.735726",std_H2O,CoWSstd2,295.509420093222
2347,"2017-09-25 12:37:09.735726",mean_d18O,CoWSstd2,-40.1196793970544
2347,"2017-09-25 12:37:09.735726",mean_d2H,CoWSstd2,-200.685785877102
2347,"2017-09-25 12:37:09.735726",std_d2H,CoWSstd2,0.549728666138974
2348,"2017-09-25 13:00:27.730911",flushspeed,str#176,3.40913546052934
2348,"2017-09-25 13:00:27.730911",samplevol,str#176,75.2055282592773
2348,"2017-09-25 13:00:27.730911",sourceid,str#176,2.0
2348,"2017-09-25 13:00:27.730911",std_d18O,str#176,0.178882268358026
2348,"2017-09-25 13:00:27.730911",cows_readytime,str#176,1200.0
2348,"2017-09-25 13:00:27.730911",cows_switchtime,str#176,1020.0
2348,"2017-09-25 13:00:27.730911",mean_H2O,str#176,19459.7713746651
2348,"2017-09-25 13:00:27.730911",std_H2O,str#176,68.7075094214714
2348,"2017-09-25 13:00:27.730911",mean_d18O,str#176,-29.6009112628213
2348,"2017-09-25 13:00:27.730911",mean_d2H,str#176,-120.193102666562
2348,"2017-09-25 13:00:27.730911",std_d2H,str#176,0.407635970442535
2349,"2017-09-25 13:23:31.944450",flushspeed,str#226,1.69473541619164
2349,"2017-09-25 13:23:31.944450",samplevol,str#226,66.1963653564453
2349,"2017-09-25 13:23:31.944450",sourceid,str#226,3.0
2350,"2017-09-25 13:43:01.993186",flushspeed,gw#195,1.81441082797107
2350,"2017-09-25 13:43:01.993186",samplevol,gw#195,75.187370300293
2349,"2017-09-25 13:23:31.944450",std_d18O,str#226,0.17603405844269
2349,"2017-09-25 13:23:31.944450",cows_readytime,str#226,1200.0
2349,"2017-09-25 13:23:31.944450",cows_switchtime,str#226,1020.0
2349,"2017-09-25 13:23:31.944450",mean_H2O,str#226,19201.4431356089
2349,"2017-09-25 13:23:31.944450",std_H2O,str#226,9.9002906837489
2349,"2017-09-25 13:23:31.944450",mean_d18O,str#226,-29.4555490614927
2349,"2017-09-25 13:23:31.944450",mean_d2H,str#226,-119.283576561052
2349,"2017-09-25 13:23:31.944450",std_d2H,str#226,0.323362291895264
2350,"2017-09-25 13:43:01.993186",sourceid,gw#195,4.0
2350,"2017-09-25 13:43:01.993186",std_d18O,gw#195,0.194567587161097
2350,"2017-09-25 13:43:01.993186",cows_readytime,gw#195,1200.0
2350,"2017-09-25 13:43:01.993186",cows_switchtime,gw#195,1020.0
2350,"2017-09-25 13:43:01.993186",mean_H2O,gw#195,19533.4110367834
2350,"2017-09-25 13:43:01.993186",std_H2O,gw#195,50.2189146850098
2350,"2017-09-25 13:43:01.993186",mean_d18O,gw#195,-29.2700217807792
2350,"2017-09-25 13:43:01.993186",mean_d2H,gw#195,-118.373056910316
2350,"2017-09-25 13:43:01.993186",std_d2H,gw#195,0.401090331174212
2352,"2017-09-25 14:02:31.435148",std_d18O,CoWSstd1,0.194203730120855
2352,"2017-09-25 14:02:31.435148",cows_readytime,CoWSstd1,1200.0
2352,"2017-09-25 14:02:31.435148",cows_switchtime,CoWSstd1,1020.0
2352,"2017-09-25 14:02:31.435148",mean_H2O,CoWSstd1,19438.4539786409
2352,"2017-09-25 14:02:31.435148",std_H2O,CoWSstd1,24.5126143249027
2352,"2017-09-25 14:02:31.435148",mean_d18O,CoWSstd1,-19.3954796508576
2352,"2017-09-25 14:02:31.435148",mean_d2H,CoWSstd1,-72.2813366945489
2352,"2017-09-25 14:02:31.435148",std_d2H,CoWSstd1,0.369153252581858
2353,"2017-09-25 14:25:34.069170",flushspeed,str#176,3.85871396447424
2353,"2017-09-25 14:25:34.069170",samplevol,str#176,68.3262481689453
2353,"2017-09-25 14:25:34.069170",sourceid,str#176,2.0
2353,"2017-09-25 14:25:34.069170",std_d18O,str#176,0.18503973592331
2353,"2017-09-25 14:25:34.069170",cows_readytime,str#176,1200.0
2353,"2017-09-25 14:25:34.069170",cows_switchtime,str#176,1020.0
2353,"2017-09-25 14:25:34.069170",mean_H2O,str#176,19356.4944429823
2353,"2017-09-25 14:25:34.069170",std_H2O,str#176,22.6587226596688
2353,"2017-09-25 14:25:34.069170",mean_d18O,str#176,-29.4111183876283
2353,"2017-09-25 14:25:34.069170",mean_d2H,str#176,-119.19177196783
2353,"2017-09-25 14:25:34.069170",std_d2H,str#176,0.399872613904545
2354,"2017-09-25 14:47:29.834720",flushspeed,gw#233,2.45196350331301
2354,"2017-09-25 14:47:29.834720",samplevol,gw#233,66.6149444580078
2354,"2017-09-25 14:47:29.834720",sourceid,gw#233,8.0
2356,"2017-09-25 15:04:45.153121",flushspeed,str#226,1.86131202855898
2356,"2017-09-25 15:04:45.153121",samplevol,str#226,63.8448638916016
2356,"2017-09-25 15:04:45.153121",sourceid,str#226,3.0
2357,"2017-09-25 15:24:07.734052",flushspeed,gw#125,2.13818563428878
2357,"2017-09-25 15:24:07.734052",samplevol,gw#125,62.0052452087402
2356,"2017-09-25 15:04:45.153121",cows_switchtime,str#226,1020.0
2356,"2017-09-25 15:04:45.153121",std_d18O,str#226,0.160687672042394
2356,"2017-09-25 15:04:45.153121",std_d2H,str#226,0.35099194361535
2356,"2017-09-25 15:04:45.153121",std_H2O,str#226,9.92858344057892
2356,"2017-09-25 15:04:45.153121",mean_H2O,str#226,19168.5074415063
2356,"2017-09-25 15:04:45.153121",cows_readytime,str#226,1200.0
2356,"2017-09-25 15:04:45.153121",mean_d18O,str#226,-29.6676233123179
2356,"2017-09-25 15:04:45.153121",mean_d2H,str#226,-119.554508038559
2357,"2017-09-25 15:24:07.734052",sourceid,gw#125,7.0
2357,"2017-09-25 15:24:07.734052",cows_switchtime,gw#125,1020.0
2357,"2017-09-25 15:24:07.734052",std_d18O,gw#125,0.203146262412155
2357,"2017-09-25 15:24:07.734052",std_d2H,gw#125,0.372424817443638
2357,"2017-09-25 15:24:07.734052",std_H2O,gw#125,65.1947086161399
2357,"2017-09-25 15:24:07.734052",mean_H2O,gw#125,19381.6618014245
2357,"2017-09-25 15:24:07.734052",cows_readytime,gw#125,1200.0
2357,"2017-09-25 15:24:07.734052",mean_d18O,gw#125,-29.1396198204225
2357,"2017-09-25 15:24:07.734052",mean_d2H,gw#125,-117.085332202702
2358,"2017-09-25 15:41:09.892927",cows_switchtime,CoWSstd2,1020.0
2358,"2017-09-25 15:41:09.892927",std_d18O,CoWSstd2,0.174563392655505
2358,"2017-09-25 15:41:09.892927",std_d2H,CoWSstd2,0.423335440199337
2358,"2017-09-25 15:41:09.892927",std_H2O,CoWSstd2,31.8656155521792
2358,"2017-09-25 15:41:09.892927",mean_H2O,CoWSstd2,19336.7218952033
2358,"2017-09-25 15:41:09.892927",cows_readytime,CoWSstd2,1200.0
2358,"2017-09-25 15:41:09.892927",mean_d18O,CoWSstd2,-40.5410441949675
2358,"2017-09-25 15:41:09.892927",mean_d2H,CoWSstd2,-202.239141005019
2359,"2017-09-25 16:02:49.103969",flushspeed,str#176,3.76975222157266
2359,"2017-09-25 16:02:49.103969",samplevol,str#176,71.3727188110352
2359,"2017-09-25 16:02:49.103969",sourceid,str#176,2.0
2359,"2017-09-25 16:02:49.103969",cows_switchtime,str#176,1020.0
2359,"2017-09-25 16:02:49.103969",std_d18O,str#176,0.213923164648643
2359,"2017-09-25 16:02:49.103969",std_d2H,str#176,0.378004528893881
2359,"2017-09-25 16:02:49.103969",std_H2O,str#176,23.8928149060632
2359,"2017-09-25 16:02:49.103969",mean_H2O,str#176,19327.7330477438
2359,"2017-09-25 16:02:49.103969",cows_readytime,str#176,1200.0
2359,"2017-09-25 16:02:49.103969",mean_d18O,str#176,-29.6784679146538
2359,"2017-09-25 16:02:49.103969",mean_d2H,str#176,-120.796138178324
2361,"2017-09-25 16:27:52.920952",flushspeed,str#226,1.88393703554561
2361,"2017-09-25 16:27:52.920952",samplevol,str#226,67.9102783203125
2361,"2017-09-25 16:27:52.920952",sourceid,str#226,3.0
2362,"2017-09-25 16:47:25.638931",flushspeed,gw#195,1.78804553531088
2362,"2017-09-25 16:47:25.638931",samplevol,gw#195,64.1854705810547
2361,"2017-09-25 16:27:52.920952",cows_switchtime,str#226,1020.0
2361,"2017-09-25 16:27:52.920952",std_d18O,str#226,0.198859527058807
2361,"2017-09-25 16:27:52.920952",std_d2H,str#226,0.377265872440983
2361,"2017-09-25 16:27:52.920952",std_H2O,str#226,12.8420489327125
2361,"2017-09-25 16:27:52.920952",mean_H2O,str#226,19306.0992915748
2361,"2017-09-25 16:27:52.920952",cows_readytime,str#226,1200.0
2361,"2017-09-25 16:27:52.920952",mean_d18O,str#226,-29.5852607506998
2361,"2017-09-25 16:27:52.920952",mean_d2H,str#226,-120.287986382346
2362,"2017-09-25 16:47:25.638931",sourceid,gw#195,4.0
2362,"2017-09-25 16:47:25.638931",cows_switchtime,gw#195,1020.0
2362,"2017-09-25 16:47:25.638931",std_d18O,gw#195,0.20015694511858
2362,"2017-09-25 16:47:25.638931",std_d2H,gw#195,0.36151375084744
2362,"2017-09-25 16:47:25.638931",std_H2O,gw#195,28.3713337833717
2362,"2017-09-25 16:47:25.638931",mean_H2O,gw#195,19397.2842631386
2362,"2017-09-25 16:47:25.638931",cows_readytime,gw#195,1200.0
2362,"2017-09-25 16:47:25.638931",mean_d18O,gw#195,-29.2592387517067
2362,"2017-09-25 16:47:25.638931",mean_d2H,gw#195,-118.471869204588
2363,"2017-09-25 17:04:25.829611",cows_switchtime,CoWSstd1,1020.0
2363,"2017-09-25 17:04:25.829611",std_d18O,CoWSstd1,0.186434790721226
2363,"2017-09-25 17:04:25.829611",std_d2H,CoWSstd1,0.385709234526579
2363,"2017-09-25 17:04:25.829611",std_H2O,CoWSstd1,16.2739141612363
2363,"2017-09-25 17:04:25.829611",mean_H2O,CoWSstd1,19718.4163630458
2363,"2017-09-25 17:04:25.829611",cows_readytime,CoWSstd1,1200.0
2363,"2017-09-25 17:04:25.829611",mean_d18O,CoWSstd1,-19.3215177587078
2363,"2017-09-25 17:04:25.829611",mean_d2H,CoWSstd1,-72.2733469263324
2364,"2017-09-25 17:25:50.527387",flushspeed,str#176,3.71212172373596
2364,"2017-09-25 17:25:50.527387",samplevol,str#176,70.9906158447266
2364,"2017-09-25 17:25:50.527387",sourceid,str#176,2.0
2364,"2017-09-25 17:25:50.527387",cows_switchtime,str#176,1020.0
2364,"2017-09-25 17:25:50.527387",std_d18O,str#176,0.199944926333377
2364,"2017-09-25 17:25:50.527387",std_d2H,str#176,0.329130408680745
2364,"2017-09-25 17:25:50.527387",std_H2O,str#176,15.5940279850235
2364,"2017-09-25 17:25:50.527387",mean_H2O,str#176,19523.6327174776
2364,"2017-09-25 17:25:50.527387",cows_readytime,str#176,1200.0
2364,"2017-09-25 17:25:50.527387",mean_d18O,str#176,-29.3774771111009
2364,"2017-09-25 17:25:50.527387",mean_d2H,str#176,-119.127098378813
2366,"2017-09-25 17:49:41.167056",flushspeed,gw#233,2.27017404238913
2366,"2017-09-25 17:49:41.167056",samplevol,gw#233,68.08251953125
2366,"2017-09-25 17:49:41.167056",sourceid,gw#233,8.0
2366,"2017-09-25 17:49:41.167056",cows_switchtime,gw#233,1020.0
2366,"2017-09-25 17:49:41.167056",std_d18O,gw#233,0.184353100481517
2366,"2017-09-25 17:49:41.167056",std_d2H,gw#233,0.350280055501914
2366,"2017-09-25 17:49:41.167056",std_H2O,gw#233,29.6838273380341
2366,"2017-09-25 17:49:41.167056",mean_H2O,gw#233,19630.7434575888
2366,"2017-09-25 17:49:41.167056",cows_readytime,gw#233,1200.0
2366,"2017-09-25 17:49:41.167056",mean_d18O,gw#233,-29.248978294068
2366,"2017-09-25 17:49:41.167056",mean_d2H,gw#233,-118.6691451507
2367,"2017-09-25 18:11:21.450635",flushspeed,str#226,1.66226387219735
2367,"2017-09-25 18:11:21.450635",samplevol,str#226,56.6715621948242
2367,"2017-09-25 18:11:21.450635",sourceid,str#226,3.0
2368,"2017-09-25 18:30:12.035278",flushspeed,gw#125,2.10125758035355
2368,"2017-09-25 18:30:12.035278",samplevol,gw#125,58.0829620361328
2367,"2017-09-25 18:11:21.450635",cows_switchtime,str#226,1020.0
2367,"2017-09-25 18:11:21.450635",std_d18O,str#226,0.199740597447988
2367,"2017-09-25 18:11:21.450635",std_d2H,str#226,0.334993562623796
2367,"2017-09-25 18:11:21.450635",std_H2O,str#226,28.8185891740608
2367,"2017-09-25 18:11:21.450635",mean_H2O,str#226,19496.6662560127
2367,"2017-09-25 18:11:21.450635",cows_readytime,str#226,1200.0
2367,"2017-09-25 18:11:21.450635",mean_d18O,str#226,-29.4593686380932
2367,"2017-09-25 18:11:21.450635",mean_d2H,str#226,-119.99667431443
2368,"2017-09-25 18:30:12.035278",sourceid,gw#125,7.0
2368,"2017-09-25 18:30:12.035278",cows_switchtime,gw#125,1020.0
2368,"2017-09-25 18:30:12.035278",std_d18O,gw#125,0.199450038235258
2368,"2017-09-25 18:30:12.035278",std_d2H,gw#125,0.370535167336836
2368,"2017-09-25 18:30:12.035278",std_H2O,gw#125,92.2634010424802
2368,"2017-09-25 18:30:12.035278",mean_H2O,gw#125,19801.5755813627
2368,"2017-09-25 18:30:12.035278",cows_readytime,gw#125,1200.0
2368,"2017-09-25 18:30:12.035278",mean_d18O,gw#125,-28.9974225698116
2368,"2017-09-25 18:30:12.035278",mean_d2H,gw#125,-116.857681366543
2369,"2017-09-25 18:47:14.128839",cows_switchtime,CoWSstd2,1020.0
2369,"2017-09-25 18:47:14.128839",std_d18O,CoWSstd2,0.197400484437564
2369,"2017-09-25 18:47:14.128839",std_d2H,CoWSstd2,0.459797644352895
2369,"2017-09-25 18:47:14.128839",std_H2O,CoWSstd2,31.134131272455
2369,"2017-09-25 18:47:14.128839",mean_H2O,CoWSstd2,19728.7135142564
2369,"2017-09-25 18:47:14.128839",cows_readytime,CoWSstd2,1200.0
2369,"2017-09-25 18:47:14.128839",mean_d18O,CoWSstd2,-40.3177838152055
2369,"2017-09-25 18:47:14.128839",mean_d2H,CoWSstd2,-200.74046130149
2371,"2017-09-25 19:09:46.228786",flushspeed,str#176,3.39579334972179
2371,"2017-09-25 19:09:46.228786",samplevol,str#176,71.3863677978516
2371,"2017-09-25 19:09:46.228786",sourceid,str#176,2.0
2371,"2017-09-25 19:09:46.228786",cows_switchtime,str#176,1020.0
2371,"2017-09-25 19:09:46.228786",std_d18O,str#176,0.174729052839763
2371,"2017-09-25 19:09:46.228786",std_d2H,str#176,0.374059382385881
2371,"2017-09-25 19:09:46.228786",std_H2O,str#176,58.6331897666828
2371,"2017-09-25 19:09:46.228786",mean_H2O,str#176,19560.6702807034
2371,"2017-09-25 19:09:46.228786",cows_readytime,str#176,1200.0
2371,"2017-09-25 19:09:46.228786",mean_d18O,str#176,-29.4793592292192
2371,"2017-09-25 19:09:46.228786",mean_d2H,str#176,-120.360241736926
2372,"2017-09-25 19:32:56.392149",flushspeed,str#226,1.82198115122007
2372,"2017-09-25 19:32:56.392149",samplevol,str#226,70.3047866821289
2372,"2017-09-25 19:32:56.392149",sourceid,str#226,3.0
2373,"2017-09-25 19:52:17.338094",flushspeed,gw#195,1.47161794680563
2373,"2017-09-25 19:52:17.338094",samplevol,gw#195,58.8161544799805
2372,"2017-09-25 19:32:56.392149",cows_switchtime,str#226,1020.0
2372,"2017-09-25 19:32:56.392149",std_d18O,str#226,0.156478848841243
2372,"2017-09-25 19:32:56.392149",std_d2H,str#226,0.358203987193132
2372,"2017-09-25 19:32:56.392149",std_H2O,str#226,80.1212564657326
2372,"2017-09-25 19:32:56.392149",mean_H2O,str#226,19585.9678274765
2372,"2017-09-25 19:32:56.392149",cows_readytime,str#226,1200.0
2372,"2017-09-25 19:32:56.392149",mean_d18O,str#226,-29.4857394022024
2372,"2017-09-25 19:32:56.392149",mean_d2H,str#226,-120.17917284996
2373,"2017-09-25 19:52:17.338094",sourceid,gw#195,4.0
2373,"2017-09-25 19:52:17.338094",cows_switchtime,gw#195,1020.0
2373,"2017-09-25 19:52:17.338094",std_d18O,gw#195,0.187246672150661
2373,"2017-09-25 19:52:17.338094",std_d2H,gw#195,0.371703881559467
2373,"2017-09-25 19:52:17.338094",std_H2O,gw#195,22.8521431686467
2373,"2017-09-25 19:52:17.338094",mean_H2O,gw#195,19536.1688637431
2373,"2017-09-25 19:52:17.338094",cows_readytime,gw#195,1200.0
2373,"2017-09-25 19:52:17.338094",mean_d18O,gw#195,-29.2022958742479
2373,"2017-09-25 19:52:17.338094",mean_d2H,gw#195,-118.422947883331
2374,"2017-09-25 20:09:19.524992",cows_switchtime,CoWSstd1,1020.0
2374,"2017-09-25 20:09:19.524992",std_d18O,CoWSstd1,0.195904487630847
2374,"2017-09-25 20:09:19.524992",std_d2H,CoWSstd1,0.366776330621027
2374,"2017-09-25 20:09:19.524992",std_H2O,CoWSstd1,68.3652396053802
2374,"2017-09-25 20:09:19.524992",mean_H2O,CoWSstd1,19563.3330430617
2374,"2017-09-25 20:09:19.524992",cows_readytime,CoWSstd1,1200.0
2374,"2017-09-25 20:09:19.524992",mean_d18O,CoWSstd1,-19.3549074964859
2374,"2017-09-25 20:09:19.524992",mean_d2H,CoWSstd1,-72.4012362173061
2376,"2017-09-25 20:31:22.385868",flushspeed,str#176,3.64756881904419
2376,"2017-09-25 20:31:22.385868",samplevol,str#176,72.145263671875
2376,"2017-09-25 20:31:22.385868",sourceid,str#176,2.0
2376,"2017-09-25 20:31:22.385868",cows_switchtime,str#176,1020.0
2376,"2017-09-25 20:31:22.385868",std_d18O,str#176,0.176932075883124
2376,"2017-09-25 20:31:22.385868",std_d2H,str#176,0.333621953041135
2376,"2017-09-25 20:31:22.385868",std_H2O,str#176,40.5803343887476
2376,"2017-09-25 20:31:22.385868",mean_H2O,str#176,19741.2382660777
2376,"2017-09-25 20:31:22.385868",cows_readytime,str#176,1200.0
2376,"2017-09-25 20:31:22.385868",mean_d18O,str#176,-29.3129356846585
2376,"2017-09-25 20:31:22.385868",mean_d2H,str#176,-119.029137277161
2377,"2017-09-25 20:53:20.548622",flushspeed,gw#233,2.15188531163878
2377,"2017-09-25 20:53:20.548622",samplevol,gw#233,70.4699401855469
2377,"2017-09-25 20:53:20.548622",sourceid,gw#233,8.0
2377,"2017-09-25 20:53:20.548622",cows_switchtime,gw#233,1020.0
2377,"2017-09-25 20:53:20.548622",std_d18O,gw#233,0.189206577526748
2377,"2017-09-25 20:53:20.548622",std_d2H,gw#233,0.36278201031215
2377,"2017-09-25 20:53:20.548622",std_H2O,gw#233,32.33948029179
2377,"2017-09-25 20:53:20.548622",mean_H2O,gw#233,19682.4705365624
2377,"2017-09-25 20:53:20.548622",cows_readytime,gw#233,1200.0
2377,"2017-09-25 20:53:20.548622",mean_d18O,gw#233,-29.3333680269491
2377,"2017-09-25 20:53:20.548622",mean_d2H,gw#233,-118.864319030968
2378,"2017-09-25 21:14:38.438953",flushspeed,str#226,1.42332230291233
2378,"2017-09-25 21:14:38.438953",samplevol,str#226,57.4253616333008
2378,"2017-09-25 21:14:38.438953",sourceid,str#226,3.0
2379,"2017-09-25 21:33:47.618747",flushspeed,gw#125,1.94043298394108
2379,"2017-09-25 21:33:47.618747",samplevol,gw#125,59.8022041320801
2378,"2017-09-25 21:14:38.438953",cows_switchtime,str#226,1020.0
2378,"2017-09-25 21:14:38.438953",std_d18O,str#226,0.209442326184704
2378,"2017-09-25 21:14:38.438953",std_d2H,str#226,0.382910479618488
2378,"2017-09-25 21:14:38.438953",std_H2O,str#226,89.6446648613863
2378,"2017-09-25 21:14:38.438953",mean_H2O,str#226,19757.3629303626
2378,"2017-09-25 21:14:38.438953",cows_readytime,str#226,1200.0
2378,"2017-09-25 21:14:38.438953",mean_d18O,str#226,-29.53001512842
2378,"2017-09-25 21:14:38.438953",mean_d2H,str#226,-119.948966250644
2379,"2017-09-25 21:33:47.618747",sourceid,gw#125,7.0
2379,"2017-09-25 21:33:47.618747",cows_switchtime,gw#125,1020.0
2379,"2017-09-25 21:33:47.618747",std_d18O,gw#125,0.218824429238877
2379,"2017-09-25 21:33:47.618747",std_d2H,gw#125,0.387418932435421
2379,"2017-09-25 21:33:47.618747",std_H2O,gw#125,48.4852657179994
2379,"2017-09-25 21:33:47.618747",mean_H2O,gw#125,19971.2353951793
2379,"2017-09-25 21:33:47.618747",cows_readytime,gw#125,1200.0
2379,"2017-09-25 21:33:47.618747",mean_d18O,gw#125,-29.0806481609484
2379,"2017-09-25 21:33:47.618747",mean_d2H,gw#125,-117.136508694946
2381,"2017-09-25 21:53:12.909663",cows_switchtime,CoWSstd2,1020.0
2381,"2017-09-25 21:53:12.909663",std_d18O,CoWSstd2,0.194960229902061
2381,"2017-09-25 21:53:12.909663",std_d2H,CoWSstd2,0.519152932944804
2381,"2017-09-25 21:53:12.909663",std_H2O,CoWSstd2,95.118290173105
2381,"2017-09-25 21:53:12.909663",mean_H2O,CoWSstd2,19853.4394372399
2381,"2017-09-25 21:53:12.909663",cows_readytime,CoWSstd2,1200.0
2381,"2017-09-25 21:53:12.909663",mean_d18O,CoWSstd2,-40.1556611699192
2381,"2017-09-25 21:53:12.909663",mean_d2H,CoWSstd2,-200.363900311477
2382,"2017-09-25 22:16:24.767070",flushspeed,str#176,2.88668099107675
2382,"2017-09-25 22:16:24.767070",samplevol,str#176,65.4381713867187
2382,"2017-09-25 22:16:24.767070",sourceid,str#176,2.0
2382,"2017-09-25 22:16:24.767070",cows_switchtime,str#176,1020.0
2382,"2017-09-25 22:16:24.767070",std_d18O,str#176,0.198358858241863
2382,"2017-09-25 22:16:24.767070",std_d2H,str#176,0.356477197725092
2382,"2017-09-25 22:16:24.767070",std_H2O,str#176,89.213551104688
2382,"2017-09-25 22:16:24.767070",mean_H2O,str#176,19811.5776542488
2382,"2017-09-25 22:16:24.767070",cows_readytime,str#176,1200.0
2382,"2017-09-25 22:16:24.767070",mean_d18O,str#176,-29.516707624753
2382,"2017-09-25 22:16:24.767070",mean_d2H,str#176,-120.533598128732
2383,"2017-09-25 22:39:42.941992",flushspeed,str#226,1.56568334743467
2383,"2017-09-25 22:39:42.941992",samplevol,str#226,67.3196868896484
2383,"2017-09-25 22:39:42.941992",sourceid,str#226,3.0
2384,"2017-09-25 22:59:14.022949",flushspeed,gw#195,1.68297091652561
2384,"2017-09-25 22:59:14.022949",samplevol,gw#195,72.2718200683594
2383,"2017-09-25 22:39:42.941992",cows_switchtime,str#226,1020.0
2383,"2017-09-25 22:39:42.941992",std_d18O,str#226,0.197663884154538
2383,"2017-09-25 22:39:42.941992",std_d2H,str#226,0.37805626491789
2383,"2017-09-25 22:39:42.941992",std_H2O,str#226,64.8683389290565
2383,"2017-09-25 22:39:42.941992",mean_H2O,str#226,19901.6174747487
2383,"2017-09-25 22:39:42.941992",cows_readytime,str#226,1200.0
2383,"2017-09-25 22:39:42.941992",mean_d18O,str#226,-29.6002543347325
2383,"2017-09-25 22:39:42.941992",mean_d2H,str#226,-120.325965472001
2384,"2017-09-25 22:59:14.022949",sourceid,gw#195,4.0
2384,"2017-09-25 22:59:14.022949",cows_switchtime,gw#195,1020.0
2384,"2017-09-25 22:59:14.022949",std_d18O,gw#195,0.181476317166011
2384,"2017-09-25 22:59:14.022949",std_d2H,gw#195,0.392535311669849
2384,"2017-09-25 22:59:14.022949",std_H2O,gw#195,40.2803390784947
2384,"2017-09-25 22:59:14.022949",mean_H2O,gw#195,19682.8188474672
2384,"2017-09-25 22:59:14.022949",cows_readytime,gw#195,1200.0
2384,"2017-09-25 22:59:14.022949",mean_d18O,gw#195,-29.1637162850008
2384,"2017-09-25 22:59:14.022949",mean_d2H,gw#195,-118.27923195577
2386,"2017-09-25 23:18:43.369589",cows_switchtime,CoWSstd1,1020.0
2386,"2017-09-25 23:18:43.369589",std_d18O,CoWSstd1,0.176229649352125
2386,"2017-09-25 23:18:43.369589",std_d2H,CoWSstd1,0.451715081325725
2386,"2017-09-25 23:18:43.369589",std_H2O,CoWSstd1,30.4692097360608
2386,"2017-09-25 23:18:43.369589",mean_H2O,CoWSstd1,19873.2154113553
2386,"2017-09-25 23:18:43.369589",cows_readytime,CoWSstd1,1200.0
2386,"2017-09-25 23:18:43.369589",mean_d18O,CoWSstd1,-19.3065877614434
2386,"2017-09-25 23:18:43.369589",mean_d2H,CoWSstd1,-72.8819220771741
2387,"2017-09-25 23:41:56.876391",flushspeed,str#176,2.9413423295835
2387,"2017-09-25 23:41:56.876391",samplevol,str#176,68.6303405761719
2387,"2017-09-25 23:41:56.876391",sourceid,str#176,2.0
2387,"2017-09-25 23:41:56.876391",cows_switchtime,str#176,1020.0
2387,"2017-09-25 23:41:56.876391",std_d18O,str#176,0.209208328455601
2387,"2017-09-25 23:41:56.876391",std_d2H,str#176,0.342699092970624
2387,"2017-09-25 23:41:56.876391",std_H2O,str#176,85.0845782140602
2387,"2017-09-25 23:41:56.876391",mean_H2O,str#176,19708.4938482345
2387,"2017-09-25 23:41:56.876391",cows_readytime,str#176,1200.0
2387,"2017-09-25 23:41:56.876391",mean_d18O,str#176,-29.3295326026848
2387,"2017-09-25 23:41:56.876391",mean_d2H,str#176,-119.069045992765
2388,"2017-09-26 00:04:00.366155",flushspeed,gw#233,1.64122435360596
2388,"2017-09-26 00:04:00.366155",samplevol,gw#233,57.199951171875
2388,"2017-09-26 00:04:00.366155",sourceid,gw#233,8.0
2388,"2017-09-26 00:04:00.366155",cows_switchtime,gw#233,1020.0
2388,"2017-09-26 00:04:00.366155",std_d18O,gw#233,0.177470087047272
2388,"2017-09-26 00:04:00.366155",std_d2H,gw#233,0.387461321539182
2388,"2017-09-26 00:04:00.366155",std_H2O,gw#233,46.6221996550823
2388,"2017-09-26 00:04:00.366155",mean_H2O,gw#233,19885.8629489098
2388,"2017-09-26 00:04:00.366155",cows_readytime,gw#233,1200.0
2388,"2017-09-26 00:04:00.366155",mean_d18O,gw#233,-29.2186739644341
2388,"2017-09-26 00:04:00.366155",mean_d2H,gw#233,-118.75061158431
2390,"2017-09-26 00:29:14.850067",flushspeed,str#226,1.52209534043277
2390,"2017-09-26 00:29:14.850067",samplevol,str#226,60.9888381958008
2390,"2017-09-26 00:29:14.850067",sourceid,str#226,3.0
2391,"2017-09-26 00:48:34.433276",flushspeed,gw#125,1.88829032314094
2391,"2017-09-26 00:48:34.433276",samplevol,gw#125,64.54931640625
2390,"2017-09-26 00:29:14.850067",cows_switchtime,str#226,1020.0
2390,"2017-09-26 00:29:14.850067",std_d18O,str#226,0.167290284862282
2390,"2017-09-26 00:29:14.850067",std_d2H,str#226,0.397358072966202
2390,"2017-09-26 00:29:14.850067",std_H2O,str#226,49.2498191768626
2390,"2017-09-26 00:29:14.850067",mean_H2O,str#226,19966.1987332099
2390,"2017-09-26 00:29:14.850067",cows_readytime,str#226,1200.0
2390,"2017-09-26 00:29:14.850067",mean_d18O,str#226,-29.3639933014154
2390,"2017-09-26 00:29:14.850067",mean_d2H,str#226,-119.606459596199
2391,"2017-09-26 00:48:34.433276",sourceid,gw#125,7.0
2391,"2017-09-26 00:48:34.433276",cows_switchtime,gw#125,1020.0
2391,"2017-09-26 00:48:34.433276",std_d18O,gw#125,0.175925796187441
2391,"2017-09-26 00:48:34.433276",std_d2H,gw#125,0.431655213280503
2391,"2017-09-26 00:48:34.433276",std_H2O,gw#125,34.5371579665124
2391,"2017-09-26 00:48:34.433276",mean_H2O,gw#125,19678.5403527539
2391,"2017-09-26 00:48:34.433276",cows_readytime,gw#125,1200.0
2391,"2017-09-26 00:48:34.433276",mean_d18O,gw#125,-28.9545300723798
2391,"2017-09-26 00:48:34.433276",mean_d2H,gw#125,-117.113235187791
2392,"2017-09-26 01:05:38.434778",cows_switchtime,CoWSstd2,1020.0
2392,"2017-09-26 01:05:38.434778",std_d18O,CoWSstd2,0.171689979555464
2392,"2017-09-26 01:05:38.434778",std_d2H,CoWSstd2,0.451964067723937
2392,"2017-09-26 01:05:38.434778",std_H2O,CoWSstd2,41.8341459589614
2392,"2017-09-26 01:05:38.434778",mean_H2O,CoWSstd2,19979.2198217293
2392,"2017-09-26 01:05:38.434778",cows_readytime,CoWSstd2,1200.0
2392,"2017-09-26 01:05:38.434778",mean_d18O,CoWSstd2,-39.9052283418603
2392,"2017-09-26 01:05:38.434778",mean_d2H,CoWSstd2,-199.828064104606
2393,"2017-09-26 01:27:02.434831",flushspeed,str#176,4.14565522550311
2393,"2017-09-26 01:27:02.434831",samplevol,str#176,75.4219055175781
2393,"2017-09-26 01:27:02.434831",sourceid,str#176,2.0
2393,"2017-09-26 01:27:02.434831",cows_switchtime,str#176,1020.0
2393,"2017-09-26 01:27:02.434831",std_d18O,str#176,0.18270031022489
2393,"2017-09-26 01:27:02.434831",std_d2H,str#176,0.416328157093361
2393,"2017-09-26 01:27:02.434831",std_H2O,str#176,48.1697356158759
2393,"2017-09-26 01:27:02.434831",mean_H2O,str#176,19710.4103868921
2393,"2017-09-26 01:27:02.434831",cows_readytime,str#176,1200.0
2393,"2017-09-26 01:27:02.434831",mean_d18O,str#176,-29.3861095384487
2393,"2017-09-26 01:27:02.434831",mean_d2H,str#176,-120.562584084276
2395,"2017-09-26 01:52:17.516223",flushspeed,str#226,1.88914993287283
2395,"2017-09-26 01:52:17.516223",samplevol,str#226,75.2051696777344
2395,"2017-09-26 01:52:17.516223",sourceid,str#226,3.0
2396,"2017-09-26 02:12:01.689393",flushspeed,gw#195,1.37807826249188
2396,"2017-09-26 02:12:01.689393",samplevol,gw#195,59.8099746704102
2395,"2017-09-26 01:52:17.516223",cows_switchtime,str#226,1020.0
2395,"2017-09-26 01:52:17.516223",std_d18O,str#226,0.198542801622169
2395,"2017-09-26 01:52:17.516223",std_d2H,str#226,0.378796545888446
2395,"2017-09-26 01:52:17.516223",std_H2O,str#226,35.6006120485759
2395,"2017-09-26 01:52:17.516223",mean_H2O,str#226,20068.1540944384
2395,"2017-09-26 01:52:17.516223",cows_readytime,str#226,1200.0
2395,"2017-09-26 01:52:17.516223",mean_d18O,str#226,-29.3388860161126
2395,"2017-09-26 01:52:17.516223",mean_d2H,str#226,-119.897044771775
2396,"2017-09-26 02:12:01.689393",sourceid,gw#195,4.0
2396,"2017-09-26 02:12:01.689393",cows_switchtime,gw#195,1020.0
2396,"2017-09-26 02:12:01.689393",std_d18O,gw#195,0.198810249509201
2396,"2017-09-26 02:12:01.689393",std_d2H,gw#195,0.38648646384282
2396,"2017-09-26 02:12:01.689393",std_H2O,gw#195,55.9941188355532
2396,"2017-09-26 02:12:01.689393",mean_H2O,gw#195,19589.5531543295
2396,"2017-09-26 02:12:01.689393",cows_readytime,gw#195,1200.0
2396,"2017-09-26 02:12:01.689393",mean_d18O,gw#195,-29.1555850750408
2396,"2017-09-26 02:12:01.689393",mean_d2H,gw#195,-118.402663995528
2397,"2017-09-26 02:29:03.863413",cows_switchtime,CoWSstd1,1020.0
2397,"2017-09-26 02:29:03.863413",std_d18O,CoWSstd1,0.184146919482146
2397,"2017-09-26 02:29:03.863413",std_d2H,CoWSstd1,0.405544949906092
2397,"2017-09-26 02:29:03.863413",std_H2O,CoWSstd1,58.3816243413416
2397,"2017-09-26 02:29:03.863413",mean_H2O,CoWSstd1,19708.3401164827
2397,"2017-09-26 02:29:03.863413",cows_readytime,CoWSstd1,1200.0
2397,"2017-09-26 02:29:03.863413",mean_d18O,CoWSstd1,-19.3766856927871
2397,"2017-09-26 02:29:03.863413",mean_d2H,CoWSstd1,-72.8338760876833
2398,"2017-09-26 02:49:36.466478",flushspeed,str#176,3.83947745136831
2398,"2017-09-26 02:49:36.466478",samplevol,str#176,66.8069076538086
2398,"2017-09-26 02:49:36.466478",sourceid,str#176,2.0
2398,"2017-09-26 02:49:36.466478",cows_switchtime,str#176,1020.0
2398,"2017-09-26 02:49:36.466478",std_d18O,str#176,0.18779532909301
2398,"2017-09-26 02:49:36.466478",std_d2H,str#176,0.347804756626645
2398,"2017-09-26 02:49:36.466478",std_H2O,str#176,59.7365409913943
2398,"2017-09-26 02:49:36.466478",mean_H2O,str#176,19876.8639400813
2398,"2017-09-26 02:49:36.466478",cows_readytime,str#176,1200.0
2398,"2017-09-26 02:49:36.466478",mean_d18O,str#176,-29.3095826013436
2398,"2017-09-26 02:49:36.466478",mean_d2H,str#176,-118.941874682902
2400,"2017-09-26 03:13:42.188565",flushspeed,gw#233,2.082994894584
2400,"2017-09-26 03:13:42.188565",samplevol,gw#233,70.0344543457031
2400,"2017-09-26 03:13:42.188565",sourceid,gw#233,8.0
2400,"2017-09-26 03:13:42.188565",cows_switchtime,gw#233,1020.0
2400,"2017-09-26 03:13:42.188565",std_d18O,gw#233,0.197265339389884
2400,"2017-09-26 03:13:42.188565",std_d2H,gw#233,0.349890143975618
2400,"2017-09-26 03:13:42.188565",std_H2O,gw#233,49.488785946075
2400,"2017-09-26 03:13:42.188565",mean_H2O,gw#233,19691.0151717978
2400,"2017-09-26 03:13:42.188565",cows_readytime,gw#233,1200.0
2400,"2017-09-26 03:13:42.188565",mean_d18O,gw#233,-29.2569942777009
2400,"2017-09-26 03:13:42.188565",mean_d2H,gw#233,-118.929978391997
2401,"2017-09-26 03:35:26.428864",flushspeed,str#226,1.75066373082126
2401,"2017-09-26 03:35:26.428864",samplevol,str#226,69.5468673706055
2401,"2017-09-26 03:35:26.428864",sourceid,str#226,3.0
2402,"2017-09-26 03:54:36.448057",flushspeed,gw#125,1.96459483168964
2402,"2017-09-26 03:54:36.448057",samplevol,gw#125,66.383659362793
2401,"2017-09-26 03:35:26.428864",cows_switchtime,str#226,1020.0
2401,"2017-09-26 03:35:26.428864",std_d18O,str#226,0.183153948653154
2401,"2017-09-26 03:35:26.428864",std_d2H,str#226,0.392724991795792
2401,"2017-09-26 03:35:26.428864",std_H2O,str#226,33.3464711078423
2401,"2017-09-26 03:35:26.428864",mean_H2O,str#226,19793.2478725993
2401,"2017-09-26 03:35:26.428864",cows_readytime,str#226,1200.0
2401,"2017-09-26 03:35:26.428864",mean_d18O,str#226,-29.3674958363741
2401,"2017-09-26 03:35:26.428864",mean_d2H,str#226,-119.793240069581
2402,"2017-09-26 03:54:36.448057",sourceid,gw#125,7.0
2402,"2017-09-26 03:54:36.448057",cows_switchtime,gw#125,1020.0
2402,"2017-09-26 03:54:36.448057",std_d18O,gw#125,0.183508801699866
2402,"2017-09-26 03:54:36.448057",std_d2H,gw#125,0.411931525525933
2402,"2017-09-26 03:54:36.448057",std_H2O,gw#125,44.3492909864935
2402,"2017-09-26 03:54:36.448057",mean_H2O,gw#125,19778.9064062565
2402,"2017-09-26 03:54:36.448057",cows_readytime,gw#125,1200.0
2402,"2017-09-26 03:54:36.448057",mean_d18O,gw#125,-28.9197399785328
2402,"2017-09-26 03:54:36.448057",mean_d2H,gw#125,-116.849347212972
2403,"2017-09-26 04:11:38.742412",cows_switchtime,CoWSstd2,1020.0
2403,"2017-09-26 04:11:38.742412",std_d18O,CoWSstd2,0.207015925576718
2403,"2017-09-26 04:11:38.742412",std_d2H,CoWSstd2,0.400066774799161
2403,"2017-09-26 04:11:38.742412",std_H2O,CoWSstd2,47.7912059909085
2403,"2017-09-26 04:11:38.742412",mean_H2O,CoWSstd2,19806.709235487
2403,"2017-09-26 04:11:38.742412",cows_readytime,CoWSstd2,1200.0
2403,"2017-09-26 04:11:38.742412",mean_d18O,CoWSstd2,-40.0494106013482
2403,"2017-09-26 04:11:38.742412",mean_d2H,CoWSstd2,-200.256595952908
2405,"2017-09-26 04:34:17.002273",flushspeed,str#176,3.09867853637376
2405,"2017-09-26 04:34:17.002273",samplevol,str#176,67.5542907714844
2405,"2017-09-26 04:34:17.002273",sourceid,str#176,2.0
2405,"2017-09-26 04:34:17.002273",cows_switchtime,str#176,1020.0
2405,"2017-09-26 04:34:17.002273",std_d18O,str#176,0.204463670633688
2405,"2017-09-26 04:34:17.002273",std_d2H,str#176,0.368862415000681
2405,"2017-09-26 04:34:17.002273",std_H2O,str#176,74.9271489341086
2405,"2017-09-26 04:34:17.002273",mean_H2O,str#176,19711.0741483881
2405,"2017-09-26 04:34:17.002273",cows_readytime,str#176,1200.0
2405,"2017-09-26 04:34:17.002273",mean_d18O,str#176,-29.5064774752258
2405,"2017-09-26 04:34:17.002273",mean_d2H,str#176,-120.585026993965
2406,"2017-09-26 04:57:32.601981",flushspeed,str#226,1.49411881219378
2406,"2017-09-26 04:57:32.601981",samplevol,str#226,60.4953765869141
2406,"2017-09-26 04:57:32.601981",sourceid,str#226,3.0
2407,"2017-09-26 05:17:04.580047",flushspeed,gw#195,1.62755914329244
2407,"2017-09-26 05:17:04.580047",samplevol,gw#195,72.0748291015625
2406,"2017-09-26 04:57:32.601981",cows_switchtime,str#226,1020.0
2406,"2017-09-26 04:57:32.601981",std_d18O,str#226,0.185755682669334
2406,"2017-09-26 04:57:32.601981",std_d2H,str#226,0.409234633222014
2406,"2017-09-26 04:57:32.601981",std_H2O,str#226,45.3325836206629
2406,"2017-09-26 04:57:32.601981",mean_H2O,str#226,19861.9494747065
2406,"2017-09-26 04:57:32.601981",cows_readytime,str#226,1200.0
2406,"2017-09-26 04:57:32.601981",mean_d18O,str#226,-29.4276462175498
2406,"2017-09-26 04:57:32.601981",mean_d2H,str#226,-120.026263464348
2407,"2017-09-26 05:17:04.580047",sourceid,gw#195,4.0
2407,"2017-09-26 05:17:04.580047",cows_switchtime,gw#195,1020.0
2407,"2017-09-26 05:17:04.580047",std_d18O,gw#195,0.179918087534759
2407,"2017-09-26 05:17:04.580047",std_d2H,gw#195,0.411413897767577
2407,"2017-09-26 05:17:04.580047",std_H2O,gw#195,91.404505945536
2407,"2017-09-26 05:17:04.580047",mean_H2O,gw#195,19274.3161612437
2407,"2017-09-26 05:17:04.580047",cows_readytime,gw#195,1200.0
2407,"2017-09-26 05:17:04.580047",mean_d18O,gw#195,-29.2131627963351
2407,"2017-09-26 05:17:04.580047",mean_d2H,gw#195,-118.541718248368
2408,"2017-09-26 05:34:06.931521",cows_switchtime,CoWSstd1,1020.0
2408,"2017-09-26 05:34:06.931521",std_d18O,CoWSstd1,0.200124574578501
2408,"2017-09-26 05:34:06.931521",std_d2H,CoWSstd1,0.471239694212418
2408,"2017-09-26 05:34:06.931521",std_H2O,CoWSstd1,88.9719588333209
2408,"2017-09-26 05:34:06.931521",mean_H2O,CoWSstd1,19656.9588921923
2408,"2017-09-26 05:34:06.931521",cows_readytime,CoWSstd1,1200.0
2408,"2017-09-26 05:34:06.931521",mean_d18O,CoWSstd1,-19.3770058001573
2408,"2017-09-26 05:34:06.931521",mean_d2H,CoWSstd1,-72.5461399120589
2410,"2017-09-26 05:56:44.043571",flushspeed,str#176,2.83016375641325
2410,"2017-09-26 05:56:44.043571",samplevol,str#176,60.8683319091797
2410,"2017-09-26 05:56:44.043571",sourceid,str#176,2.0
2410,"2017-09-26 05:56:44.043571",cows_switchtime,str#176,1020.0
2410,"2017-09-26 05:56:44.043571",std_d18O,str#176,0.195897337087671
2410,"2017-09-26 05:56:44.043571",std_d2H,str#176,0.335853074224997
2410,"2017-09-26 05:56:44.043571",std_H2O,str#176,44.0242959290423
2410,"2017-09-26 05:56:44.043571",mean_H2O,str#176,19812.5218128927
2410,"2017-09-26 05:56:44.043571",cows_readytime,str#176,1200.0
2410,"2017-09-26 05:56:44.043571",mean_d18O,str#176,-29.2871894489362
2410,"2017-09-26 05:56:44.043571",mean_d2H,str#176,-119.209216134174
2411,"2017-09-26 06:18:42.914152",flushspeed,gw#233,1.96022844548175
2411,"2017-09-26 06:18:42.914152",samplevol,gw#233,66.8222274780273
2411,"2017-09-26 06:18:42.914152",sourceid,gw#233,8.0
2411,"2017-09-26 06:18:42.914152",cows_switchtime,gw#233,1020.0
2411,"2017-09-26 06:18:42.914152",std_d18O,gw#233,0.184575172019442
2411,"2017-09-26 06:18:42.914152",std_d2H,gw#233,0.308157358132209
2411,"2017-09-26 06:18:42.914152",std_H2O,gw#233,24.8290576706194
2411,"2017-09-26 06:18:42.914152",mean_H2O,gw#233,19619.3744643091
2411,"2017-09-26 06:18:42.914152",cows_readytime,gw#233,1200.0
2411,"2017-09-26 06:18:42.914152",mean_d18O,gw#233,-29.1948752026933
2411,"2017-09-26 06:18:42.914152",mean_d2H,gw#233,-118.984346291776
2412,"2017-09-26 06:39:45.170760",flushspeed,str#226,1.84125383154625
2412,"2017-09-26 06:39:45.170760",samplevol,str#226,65.2650833129883
2412,"2017-09-26 06:39:45.170760",sourceid,str#226,3.0
2413,"2017-09-26 06:58:43.892943",flushspeed,gw#125,2.17644631977673
2413,"2017-09-26 06:58:43.892943",samplevol,gw#125,66.5361404418945
2412,"2017-09-26 06:39:45.170760",cows_switchtime,str#226,1020.0
2412,"2017-09-26 06:39:45.170760",std_d18O,str#226,0.198582525401285
2412,"2017-09-26 06:39:45.170760",std_d2H,str#226,0.453484675229321
2412,"2017-09-26 06:39:45.170760",std_H2O,str#226,66.866461448477
2412,"2017-09-26 06:39:45.170760",mean_H2O,str#226,19704.2446146913
2412,"2017-09-26 06:39:45.170760",cows_readytime,str#226,1200.0
2412,"2017-09-26 06:39:45.170760",mean_d18O,str#226,-29.4157901418413
2412,"2017-09-26 06:39:45.170760",mean_d2H,str#226,-119.712336924947
2413,"2017-09-26 06:58:43.892943",sourceid,gw#125,7.0
2413,"2017-09-26 06:58:43.892943",cows_switchtime,gw#125,1020.0
2413,"2017-09-26 06:58:43.892943",std_d18O,gw#125,0.196488833369049
2413,"2017-09-26 06:58:43.892943",std_d2H,gw#125,0.395990630691336
2413,"2017-09-26 06:58:43.892943",std_H2O,gw#125,12.9141131685793
2413,"2017-09-26 06:58:43.892943",mean_H2O,gw#125,19465.7942638542
2413,"2017-09-26 06:58:43.892943",cows_readytime,gw#125,1200.0
2413,"2017-09-26 06:58:43.892943",mean_d18O,gw#125,-28.9840634080914
2413,"2017-09-26 06:58:43.892943",mean_d2H,gw#125,-117.155641077841
2415,"2017-09-26 07:18:09.498228",cows_switchtime,CoWSstd2,1020.0
2415,"2017-09-26 07:18:09.498228",std_d18O,CoWSstd2,0.196057875046164
2415,"2017-09-26 07:18:09.498228",std_d2H,CoWSstd2,0.417289201826762
2415,"2017-09-26 07:18:09.498228",std_H2O,CoWSstd2,65.1222601517733
2415,"2017-09-26 07:18:09.498228",mean_H2O,CoWSstd2,19777.8304748474
2415,"2017-09-26 07:18:09.498228",cows_readytime,CoWSstd2,1200.0
2415,"2017-09-26 07:18:09.498228",mean_d18O,CoWSstd2,-40.13223371139
2415,"2017-09-26 07:18:09.498228",mean_d2H,CoWSstd2,-200.897523607991
2416,"2017-09-26 07:41:13.700594",flushspeed,str#176,2.9044141633127
2416,"2017-09-26 07:41:13.700594",samplevol,str#176,64.4286193847656
2416,"2017-09-26 07:41:13.700594",sourceid,str#176,2.0
2416,"2017-09-26 07:41:13.700594",cows_switchtime,str#176,1020.0
2416,"2017-09-26 07:41:13.700594",std_d18O,str#176,0.187979718477776
2416,"2017-09-26 07:41:13.700594",std_d2H,str#176,0.355440589098949
2416,"2017-09-26 07:41:13.700594",std_H2O,str#176,57.277638830273
2416,"2017-09-26 07:41:13.700594",mean_H2O,str#176,19486.0761556909
2416,"2017-09-26 07:41:13.700594",cows_readytime,str#176,1200.0
2416,"2017-09-26 07:41:13.700594",mean_d18O,str#176,-29.5594848441123
2416,"2017-09-26 07:41:13.700594",mean_d2H,str#176,-120.543024500516
2417,"2017-09-26 08:04:23.468653",flushspeed,str#226,1.81581568987898
2417,"2017-09-26 08:04:23.468653",samplevol,str#226,67.1978912353516
2417,"2017-09-26 08:04:23.468653",sourceid,str#226,3.0
2417,"2017-09-26 08:04:23.468653",cows_switchtime,str#226,1020.0
2417,"2017-09-26 08:04:23.468653",std_d18O,str#226,0.180708425855347
2417,"2017-09-26 08:04:23.468653",std_d2H,str#226,0.373072261337918
2417,"2017-09-26 08:04:23.468653",std_H2O,str#226,95.1905590958912
2417,"2017-09-26 08:04:23.468653",mean_H2O,str#226,19516.8918009308
2417,"2017-09-26 08:04:23.468653",cows_readytime,str#226,1200.0
2417,"2017-09-26 08:04:23.468653",mean_d18O,str#226,-29.5166215383809
2417,"2017-09-26 08:04:23.468653",mean_d2H,str#226,-120.131397244351
2419,"2017-09-26 08:28:38.661053",flushspeed,gw#195,1.46043128061653
2419,"2017-09-26 08:28:38.661053",samplevol,gw#195,60.5319557189941
2419,"2017-09-26 08:28:38.661053",sourceid,gw#195,4.0
2419,"2017-09-26 08:28:38.661053",cows_switchtime,gw#195,1020.0
2419,"2017-09-26 08:28:38.661053",std_d18O,gw#195,0.175115074481724
2419,"2017-09-26 08:28:38.661053",std_d2H,gw#195,0.400323993442575
2419,"2017-09-26 08:28:38.661053",std_H2O,gw#195,64.4017287211723
2419,"2017-09-26 08:28:38.661053",mean_H2O,gw#195,19302.4454855575
2419,"2017-09-26 08:28:38.661053",cows_readytime,gw#195,1200.0
2419,"2017-09-26 08:28:38.661053",mean_d18O,gw#195,-29.2027884448794
2419,"2017-09-26 08:28:38.661053",mean_d2H,gw#195,-118.575069538386
2420,"2017-09-26 08:45:40.709728",cows_switchtime,CoWSstd1,1020.0
2420,"2017-09-26 08:45:40.709728",std_d18O,CoWSstd1,0.176524607651374
2420,"2017-09-26 08:45:40.709728",std_d2H,CoWSstd1,0.407962184077078
2420,"2017-09-26 08:45:40.709728",std_H2O,CoWSstd1,28.0794666508487
2420,"2017-09-26 08:45:40.709728",mean_H2O,CoWSstd1,19418.1212062333
2420,"2017-09-26 08:45:40.709728",cows_readytime,CoWSstd1,1200.0
2420,"2017-09-26 08:45:40.709728",mean_d18O,CoWSstd1,-19.3922334480475
2420,"2017-09-26 08:45:40.709728",mean_d2H,CoWSstd1,-72.257034450479
2421,"2017-09-26 09:06:51.990337",flushspeed,str#176,3.90207789086245
2421,"2017-09-26 09:06:51.990337",samplevol,str#176,66.7606506347656
2421,"2017-09-26 09:06:51.990337",sourceid,str#176,2.0
2421,"2017-09-26 09:06:51.990337",cows_switchtime,str#176,1020.0
2421,"2017-09-26 09:06:51.990337",std_d18O,str#176,0.198777262786533
2421,"2017-09-26 09:06:51.990337",std_d2H,str#176,0.419802127013385
2421,"2017-09-26 09:06:51.990337",std_H2O,str#176,57.9155152370287
2421,"2017-09-26 09:06:51.990337",mean_H2O,str#176,19629.4200636914
2421,"2017-09-26 09:06:51.990337",cows_readytime,str#176,1200.0
2421,"2017-09-26 09:06:51.990337",mean_d18O,str#176,-29.4386370254916
2421,"2017-09-26 09:06:51.990337",mean_d2H,str#176,-119.085473580473
2422,"2017-09-26 09:28:47.609390",flushspeed,gw#233,2.40549135866282
2422,"2017-09-26 09:28:47.609390",samplevol,gw#233,69.1891479492187
2422,"2017-09-26 09:28:47.609390",sourceid,gw#233,8.0
2422,"2017-09-26 09:28:47.609390",cows_switchtime,gw#233,1020.0
2422,"2017-09-26 09:28:47.609390",std_d18O,gw#233,0.198877617371189
2422,"2017-09-26 09:28:47.609390",std_d2H,gw#233,0.328750811123715
2422,"2017-09-26 09:28:47.609390",std_H2O,gw#233,40.5802006128939
2422,"2017-09-26 09:28:47.609390",mean_H2O,gw#233,19501.6331140269
2422,"2017-09-26 09:28:47.609390",cows_readytime,gw#233,1200.0
2422,"2017-09-26 09:28:47.609390",mean_d18O,gw#233,-29.3915600937418
2422,"2017-09-26 09:28:47.609390",mean_d2H,gw#233,-118.837018956218
2424,"2017-09-26 09:53:52.104746",flushspeed,str#226,1.93305424426195
2424,"2017-09-26 09:53:52.104746",samplevol,str#226,72.8181533813477
2424,"2017-09-26 09:53:52.104746",sourceid,str#226,3.0
2425,"2017-09-26 10:13:15.144564",flushspeed,gw#125,2.27366705732997
2425,"2017-09-26 10:13:15.144564",samplevol,gw#125,71.4931869506836
2424,"2017-09-26 09:53:52.104746",cows_switchtime,str#226,1020.0
2424,"2017-09-26 09:53:52.104746",std_d18O,str#226,0.179330387055813
2424,"2017-09-26 09:53:52.104746",std_d2H,str#226,0.370421835636551
2424,"2017-09-26 09:53:52.104746",std_H2O,str#226,79.3558663572315
2424,"2017-09-26 09:53:52.104746",mean_H2O,str#226,19590.4164596148
2424,"2017-09-26 09:53:52.104746",cows_readytime,str#226,1200.0
2424,"2017-09-26 09:53:52.104746",mean_d18O,str#226,-29.5520574458426
2424,"2017-09-26 09:53:52.104746",mean_d2H,str#226,-119.951565318347
2425,"2017-09-26 10:13:15.144564",sourceid,gw#125,7.0
2425,"2017-09-26 10:13:15.144564",cows_switchtime,gw#125,1020.0
2425,"2017-09-26 10:13:15.144564",std_d18O,gw#125,0.190168896559208
2425,"2017-09-26 10:13:15.144564",std_d2H,gw#125,0.411492515317938
2425,"2017-09-26 10:13:15.144564",std_H2O,gw#125,54.8268170296452
2425,"2017-09-26 10:13:15.144564",mean_H2O,gw#125,19535.6798997549
2425,"2017-09-26 10:13:15.144564",cows_readytime,gw#125,1200.0
2425,"2017-09-26 10:13:15.144564",mean_d18O,gw#125,-29.1472010607414
2425,"2017-09-26 10:13:15.144564",mean_d2H,gw#125,-117.23034935684
2426,"2017-09-26 10:30:17.142007",cows_switchtime,CoWSstd2,1020.0
2426,"2017-09-26 10:30:17.142007",std_d18O,CoWSstd2,0.184258889967677
2426,"2017-09-26 10:30:17.142007",std_d2H,CoWSstd2,0.440742386210892
2426,"2017-09-26 10:30:17.142007",std_H2O,CoWSstd2,34.0632330008262
2426,"2017-09-26 10:30:17.142007",mean_H2O,CoWSstd2,19651.0265496143
2426,"2017-09-26 10:30:17.142007",cows_readytime,CoWSstd2,1200.0
2426,"2017-09-26 10:30:17.142007",mean_d18O,CoWSstd2,-40.3811009842688
2426,"2017-09-26 10:30:17.142007",mean_d2H,CoWSstd2,-201.708546973162
2427,"2017-09-26 10:51:30.140112",flushspeed,str#176,3.47286613042603
2427,"2017-09-26 10:51:30.140112",samplevol,str#176,69.2940979003906
2427,"2017-09-26 10:51:30.140112",sourceid,str#176,2.0
2427,"2017-09-26 10:51:30.140112",cows_switchtime,str#176,1020.0
2427,"2017-09-26 10:51:30.140112",std_d18O,str#176,0.173834139575848
2427,"2017-09-26 10:51:30.140112",std_d2H,str#176,0.439970662420368
2427,"2017-09-26 10:51:30.140112",std_H2O,str#176,98.8114059985103
2427,"2017-09-26 10:51:30.140112",mean_H2O,str#176,19513.098675747
2427,"2017-09-26 10:51:30.140112",cows_readytime,str#176,1200.0
2427,"2017-09-26 10:51:30.140112",mean_d18O,str#176,-29.5772824429649
2427,"2017-09-26 10:51:30.140112",mean_d2H,str#176,-120.965352068859
2429,"2017-09-26 11:16:30.364356",flushspeed,str#226,1.81575979509246
2429,"2017-09-26 11:16:30.364356",samplevol,str#226,62.1607208251953
2429,"2017-09-26 11:16:30.364356",sourceid,str#226,3.0
2430,"2017-09-26 11:35:58.797548",flushspeed,gw#195,1.49312335795964
2430,"2017-09-26 11:35:58.797548",samplevol,gw#195,57.867488861084
2429,"2017-09-26 11:16:30.364356",cows_switchtime,str#226,1020.0
2429,"2017-09-26 11:16:30.364356",std_d18O,str#226,0.207298143189954
2429,"2017-09-26 11:16:30.364356",std_d2H,str#226,0.35835624353144
2429,"2017-09-26 11:16:30.364356",std_H2O,str#226,88.1739832799755
2429,"2017-09-26 11:16:30.364356",mean_H2O,str#226,19559.1538839712
2429,"2017-09-26 11:16:30.364356",cows_readytime,str#226,1200.0
2429,"2017-09-26 11:16:30.364356",mean_d18O,str#226,-29.5973754702247
2429,"2017-09-26 11:16:30.364356",mean_d2H,str#226,-120.326181684934
2430,"2017-09-26 11:35:58.797548",sourceid,gw#195,4.0
2430,"2017-09-26 11:35:58.797548",cows_switchtime,gw#195,1020.0
2430,"2017-09-26 11:35:58.797548",std_d18O,gw#195,0.174918879577085
2430,"2017-09-26 11:35:58.797548",std_d2H,gw#195,0.38169481333611
2430,"2017-09-26 11:35:58.797548",std_H2O,gw#195,119.851315501094
2430,"2017-09-26 11:35:58.797548",mean_H2O,gw#195,19236.7304757556
2430,"2017-09-26 11:35:58.797548",cows_readytime,gw#195,1200.0
2430,"2017-09-26 11:35:58.797548",mean_d18O,gw#195,-29.291631935087
2430,"2017-09-26 11:35:58.797548",mean_d2H,gw#195,-118.680715037792
2431,"2017-09-26 11:53:00.656520",cows_switchtime,CoWSstd1,1020.0
2431,"2017-09-26 11:53:00.656520",std_d18O,CoWSstd1,0.173873751178029
2431,"2017-09-26 11:53:00.656520",std_d2H,CoWSstd1,0.389140884057413
2431,"2017-09-26 11:53:00.656520",std_H2O,CoWSstd1,86.1892429804669
2431,"2017-09-26 11:53:00.656520",mean_H2O,CoWSstd1,19548.6289892517
2431,"2017-09-26 11:53:00.656520",cows_readytime,CoWSstd1,1200.0
2431,"2017-09-26 11:53:00.656520",mean_d18O,CoWSstd1,-19.3098704760905
2431,"2017-09-26 11:53:00.656520",mean_d2H,CoWSstd1,-71.9385528846394
2432,"2017-09-26 12:14:37.109669",flushspeed,str#176,3.35674993804583
2432,"2017-09-26 12:14:37.109669",samplevol,str#176,70.0016632080078
2432,"2017-09-26 12:14:37.109669",sourceid,str#176,2.0
2432,"2017-09-26 12:14:37.109669",cows_switchtime,str#176,1020.0
2432,"2017-09-26 12:14:37.109669",std_d18O,str#176,0.186829407282824
2432,"2017-09-26 12:14:37.109669",std_d2H,str#176,0.397546617382815
2432,"2017-09-26 12:14:37.109669",std_H2O,str#176,33.5562350077376
2432,"2017-09-26 12:14:37.109669",mean_H2O,str#176,19387.1332787779
2432,"2017-09-26 12:14:37.109669",cows_readytime,str#176,1200.0
2432,"2017-09-26 12:14:37.109669",mean_d18O,str#176,-29.5020176389534
2432,"2017-09-26 12:14:37.109669",mean_d2H,str#176,-119.382221874893
2434,"2017-09-26 12:38:30.728107",flushspeed,gw#233,1.81702997241615
2434,"2017-09-26 12:38:30.728107",samplevol,gw#233,57.1274223327637
2434,"2017-09-26 12:38:30.728107",sourceid,gw#233,8.0
2434,"2017-09-26 12:38:30.728107",cows_switchtime,gw#233,1020.0
2434,"2017-09-26 12:38:30.728107",std_d18O,gw#233,0.2249104524778
2434,"2017-09-26 12:38:30.728107",std_d2H,gw#233,0.38086091857059
2434,"2017-09-26 12:38:30.728107",std_H2O,gw#233,41.5275126491489
2434,"2017-09-26 12:38:30.728107",mean_H2O,gw#233,19429.2057591078
2434,"2017-09-26 12:38:30.728107",cows_readytime,gw#233,1200.0
2434,"2017-09-26 12:38:30.728107",mean_d18O,gw#233,-29.445653765512
2434,"2017-09-26 12:38:30.728107",mean_d2H,gw#233,-119.200557529186
2435,"2017-09-26 12:59:50.944772",flushspeed,str#226,2.01828292512546
2435,"2017-09-26 12:59:50.944772",samplevol,str#226,69.1261901855469
2435,"2017-09-26 12:59:50.944772",sourceid,str#226,3.0
2436,"2017-09-26 13:19:03.863464",flushspeed,gw#125,1.93667885400549
2436,"2017-09-26 13:19:03.863464",samplevol,gw#125,58.9854278564453
2435,"2017-09-26 12:59:50.944772",cows_switchtime,str#226,1020.0
2435,"2017-09-26 12:59:50.944772",std_d18O,str#226,0.203239757133668
2435,"2017-09-26 12:59:50.944772",std_d2H,str#226,0.321729399865377
2435,"2017-09-26 12:59:50.944772",std_H2O,str#226,52.7199821113832
2435,"2017-09-26 12:59:50.944772",mean_H2O,str#226,19580.2618125207
2435,"2017-09-26 12:59:50.944772",cows_readytime,str#226,1200.0
2435,"2017-09-26 12:59:50.944772",mean_d18O,str#226,-29.6031966765316
2435,"2017-09-26 12:59:50.944772",mean_d2H,str#226,-120.075809408311
2436,"2017-09-26 13:19:03.863464",sourceid,gw#125,7.0
2436,"2017-09-26 13:19:03.863464",cows_switchtime,gw#125,1020.0
2436,"2017-09-26 13:19:03.863464",std_d18O,gw#125,0.19772129495562
2436,"2017-09-26 13:19:03.863464",std_d2H,gw#125,0.359871546101735
2436,"2017-09-26 13:19:03.863464",std_H2O,gw#125,23.1021875976679
2436,"2017-09-26 13:19:03.863464",mean_H2O,gw#125,19315.732773666
2436,"2017-09-26 13:19:03.863464",cows_readytime,gw#125,1200.0
2436,"2017-09-26 13:19:03.863464",mean_d18O,gw#125,-29.1078331515519
2436,"2017-09-26 13:19:03.863464",mean_d2H,gw#125,-117.489119074713
2437,"2017-09-26 13:36:06.150563",cows_switchtime,CoWSstd2,1020.0
2437,"2017-09-26 13:36:06.150563",std_d18O,CoWSstd2,0.194044621560432
2437,"2017-09-26 13:36:06.150563",std_d2H,CoWSstd2,0.425614159353098
2437,"2017-09-26 13:36:06.150563",std_H2O,CoWSstd2,40.8989929530494
2437,"2017-09-26 13:36:06.150563",mean_H2O,CoWSstd2,19301.5634359271
2437,"2017-09-26 13:36:06.150563",cows_readytime,CoWSstd2,1200.0
2437,"2017-09-26 13:36:06.150563",mean_d18O,CoWSstd2,-40.6098359492761
2437,"2017-09-26 13:36:06.150563",mean_d2H,CoWSstd2,-202.818431907295
2439,"2017-09-26 13:58:50.332826",flushspeed,str#176,1.96661272619525
2439,"2017-09-26 13:58:50.332826",samplevol,str#176,69.0281066894531
2439,"2017-09-26 13:58:50.332826",sourceid,str#176,2.0
2439,"2017-09-26 13:58:50.332826",cows_switchtime,str#176,1020.0
2439,"2017-09-26 13:58:50.332826",std_d18O,str#176,0.182263910309393
2439,"2017-09-26 13:58:50.332826",std_d2H,str#176,0.393713425865263
2439,"2017-09-26 13:58:50.332826",std_H2O,str#176,50.2576534535207
2439,"2017-09-26 13:58:50.332826",mean_H2O,str#176,19250.7124541319
2439,"2017-09-26 13:58:50.332826",cows_readytime,str#176,1200.0
2439,"2017-09-26 13:58:50.332826",mean_d18O,str#176,-29.7459784244651
2439,"2017-09-26 13:58:50.332826",mean_d2H,str#176,-120.987081095474
2440,"2017-09-26 14:20:57.148635",flushspeed,str#226,2.09416177239217
2440,"2017-09-26 14:20:57.148635",samplevol,str#226,74.3427429199219
2440,"2017-09-26 14:20:57.148635",sourceid,str#226,3.0
2441,"2017-09-26 14:40:32.251467",flushspeed,gw#195,1.71926653263696
2441,"2017-09-26 14:40:32.251467",samplevol,gw#195,67.9987106323242
2440,"2017-09-26 14:20:57.148635",cows_switchtime,str#226,1020.0
2440,"2017-09-26 14:20:57.148635",std_d18O,str#226,0.156361593699539
2440,"2017-09-26 14:20:57.148635",std_d2H,str#226,0.358856238043727
2440,"2017-09-26 14:20:57.148635",std_H2O,str#226,68.7839856889164
2440,"2017-09-26 14:20:57.148635",mean_H2O,str#226,19166.9424335588
2440,"2017-09-26 14:20:57.148635",cows_readytime,str#226,1200.0
2440,"2017-09-26 14:20:57.148635",mean_d18O,str#226,-29.7297703132942
2440,"2017-09-26 14:20:57.148635",mean_d2H,str#226,-120.79825000164
2441,"2017-09-26 14:40:32.251467",sourceid,gw#195,4.0
2441,"2017-09-26 14:40:32.251467",cows_switchtime,gw#195,1020.0
2441,"2017-09-26 14:40:32.251467",std_d18O,gw#195,0.17495934228522
2441,"2017-09-26 14:40:32.251467",std_d2H,gw#195,0.369436773074656
2441,"2017-09-26 14:40:32.251467",std_H2O,gw#195,97.143114425847
2441,"2017-09-26 14:40:32.251467",mean_H2O,gw#195,18930.6543282793
2441,"2017-09-26 14:40:32.251467",cows_readytime,gw#195,1200.0
2441,"2017-09-26 14:40:32.251467",mean_d18O,gw#195,-29.3351694516184
2441,"2017-09-26 14:40:32.251467",mean_d2H,gw#195,-118.774590470482
2442,"2017-09-26 14:57:34.317856",cows_switchtime,CoWSstd1,1020.0
2442,"2017-09-26 14:57:34.317856",std_d18O,CoWSstd1,0.183078133502502
2442,"2017-09-26 14:57:34.317856",std_d2H,CoWSstd1,0.378030194391573
2442,"2017-09-26 14:57:34.317856",std_H2O,CoWSstd1,55.7449492823185
2442,"2017-09-26 14:57:34.317856",mean_H2O,CoWSstd1,19327.7722408536
2442,"2017-09-26 14:57:34.317856",cows_readytime,CoWSstd1,1200.0
2442,"2017-09-26 14:57:34.317856",mean_d18O,CoWSstd1,-19.2902414429971
2442,"2017-09-26 14:57:34.317856",mean_d2H,CoWSstd1,-72.0291063253642
2444,"2017-09-26 15:20:03.196147",flushspeed,str#176,2.01513367574502
2444,"2017-09-26 15:20:03.196147",samplevol,str#176,66.0439910888672
2444,"2017-09-26 15:20:03.196147",sourceid,str#176,2.0
2444,"2017-09-26 15:20:03.196147",cows_switchtime,str#176,1020.0
2444,"2017-09-26 15:20:03.196147",std_d18O,str#176,0.200846615556692
2444,"2017-09-26 15:20:03.196147",std_d2H,str#176,0.342085944221745
2444,"2017-09-26 15:20:03.196147",std_H2O,str#176,27.7674546856993
2444,"2017-09-26 15:20:03.196147",mean_H2O,str#176,19507.5953069763
2444,"2017-09-26 15:20:03.196147",cows_readytime,str#176,1200.0
2444,"2017-09-26 15:20:03.196147",mean_d18O,str#176,-29.5249479835174
2444,"2017-09-26 15:20:03.196147",mean_d2H,str#176,-119.499779646736
2445,"2017-09-26 15:41:32.144982",flushspeed,gw#233,2.13130209626894
2445,"2017-09-26 15:41:32.144982",samplevol,gw#233,68.3828277587891
2445,"2017-09-26 15:41:32.144982",sourceid,gw#233,8.0
2445,"2017-09-26 15:41:32.144982",cows_switchtime,gw#233,1020.0
2445,"2017-09-26 15:41:32.144982",std_d18O,gw#233,0.180977415752229
2445,"2017-09-26 15:41:32.144982",std_d2H,gw#233,0.400765941954864
2445,"2017-09-26 15:41:32.144982",std_H2O,gw#233,57.5017140708832
2445,"2017-09-26 15:41:32.144982",mean_H2O,gw#233,19467.6470843604
2445,"2017-09-26 15:41:32.144982",cows_readytime,gw#233,1200.0
2445,"2017-09-26 15:41:32.144982",mean_d18O,gw#233,-29.4302155515786
2445,"2017-09-26 15:41:32.144982",mean_d2H,gw#233,-119.296698976709
2446,"2017-09-26 16:02:42.198168",flushspeed,str#226,1.99991710040097
2446,"2017-09-26 16:02:42.198168",samplevol,str#226,74.3129196166992
2446,"2017-09-26 16:02:42.198168",sourceid,str#226,3.0
2447,"2017-09-26 16:21:51.866714",flushspeed,gw#125,2.20381803844264
2447,"2017-09-26 16:21:51.866714",samplevol,gw#125,75.5931625366211
2446,"2017-09-26 16:02:42.198168",cows_switchtime,str#226,1020.0
2446,"2017-09-26 16:02:42.198168",std_d18O,str#226,0.169570019488054
2446,"2017-09-26 16:02:42.198168",std_d2H,str#226,0.374431190154252
2446,"2017-09-26 16:02:42.198168",std_H2O,str#226,69.7464371451329
2446,"2017-09-26 16:02:42.198168",mean_H2O,str#226,19505.2359502582
2446,"2017-09-26 16:02:42.198168",cows_readytime,str#226,1200.0
2446,"2017-09-26 16:02:42.198168",mean_d18O,str#226,-29.5975669941971
2446,"2017-09-26 16:02:42.198168",mean_d2H,str#226,-120.151016103507
2447,"2017-09-26 16:21:51.866714",sourceid,gw#125,7.0
2447,"2017-09-26 16:21:51.866714",cows_switchtime,gw#125,1020.0
2447,"2017-09-26 16:21:51.866714",std_d18O,gw#125,0.178699326714573
2447,"2017-09-26 16:21:51.866714",std_d2H,gw#125,0.392564877440953
2447,"2017-09-26 16:21:51.866714",std_H2O,gw#125,33.1930242579963
2447,"2017-09-26 16:21:51.866714",mean_H2O,gw#125,19539.8688509479
2447,"2017-09-26 16:21:51.866714",cows_readytime,gw#125,1200.0
2447,"2017-09-26 16:21:51.866714",mean_d18O,gw#125,-29.0371237441109
2447,"2017-09-26 16:21:51.866714",mean_d2H,gw#125,-117.124471962852
2449,"2017-09-26 16:41:19.329698",cows_switchtime,CoWSstd2,1020.0
2449,"2017-09-26 16:41:19.329698",std_d18O,CoWSstd2,0.193253831091838
2449,"2017-09-26 16:41:19.329698",std_d2H,CoWSstd2,0.409627101733931
2449,"2017-09-26 16:41:19.329698",std_H2O,CoWSstd2,39.8700940987886
2449,"2017-09-26 16:41:19.329698",mean_H2O,CoWSstd2,19538.4717449342
2449,"2017-09-26 16:41:19.329698",cows_readytime,CoWSstd2,1200.0
2449,"2017-09-26 16:41:19.329698",mean_d18O,CoWSstd2,-40.3545160350968
2449,"2017-09-26 16:41:19.329698",mean_d2H,CoWSstd2,-201.764579170645
2450,"2017-09-26 17:04:54.771513",flushspeed,str#176,1.98732679412292
2450,"2017-09-26 17:04:54.771513",samplevol,str#176,68.5587997436523
2450,"2017-09-26 17:04:54.771513",sourceid,str#176,2.0
2450,"2017-09-26 17:04:54.771513",cows_switchtime,str#176,1020.0
2450,"2017-09-26 17:04:54.771513",std_d18O,str#176,0.18963370553623
2450,"2017-09-26 17:04:54.771513",std_d2H,str#176,0.360254331351678
2450,"2017-09-26 17:04:54.771513",std_H2O,str#176,39.5378351781149
2450,"2017-09-26 17:04:54.771513",mean_H2O,str#176,19501.8621535208
2450,"2017-09-26 17:04:54.771513",cows_readytime,str#176,1200.0
2450,"2017-09-26 17:04:54.771513",mean_d18O,str#176,-29.5630539749887
2450,"2017-09-26 17:04:54.771513",mean_d2H,str#176,-120.879341291689
2451,"2017-09-26 17:27:37.270453",flushspeed,str#226,1.81750307779479
2451,"2017-09-26 17:27:37.270453",samplevol,str#226,69.4467926025391
2451,"2017-09-26 17:27:37.270453",sourceid,str#226,3.0
2451,"2017-09-26 17:27:37.270453",cows_switchtime,str#226,1020.0
2451,"2017-09-26 17:27:37.270453",std_d18O,str#226,0.171580319486258
2451,"2017-09-26 17:27:37.270453",std_d2H,str#226,0.398748203793712
2451,"2017-09-26 17:27:37.270453",std_H2O,str#226,61.2698743738602
2451,"2017-09-26 17:27:37.270453",mean_H2O,str#226,19721.2283090689
2451,"2017-09-26 17:27:37.270453",cows_readytime,str#226,1200.0
2451,"2017-09-26 17:27:37.270453",mean_d18O,str#226,-29.6657022803007
2451,"2017-09-26 17:27:37.270453",mean_d2H,str#226,-120.392941895549
2453,"2017-09-26 17:52:00.509200",flushspeed,gw#195,1.50605529388534
2453,"2017-09-26 17:52:00.509200",samplevol,gw#195,65.8206405639648
2453,"2017-09-26 17:52:00.509200",sourceid,gw#195,4.0
2453,"2017-09-26 17:52:00.509200",cows_switchtime,gw#195,1020.0
2453,"2017-09-26 17:52:00.509200",std_d18O,gw#195,0.185225658185412
2453,"2017-09-26 17:52:00.509200",std_d2H,gw#195,0.351336460888492
2453,"2017-09-26 17:52:00.509200",std_H2O,gw#195,62.7708916513482
2453,"2017-09-26 17:52:00.509200",mean_H2O,gw#195,19277.3589826347
2453,"2017-09-26 17:52:00.509200",cows_readytime,gw#195,1200.0
2453,"2017-09-26 17:52:00.509200",mean_d18O,gw#195,-29.2982731710013
2453,"2017-09-26 17:52:00.509200",mean_d2H,gw#195,-118.660272120592
2454,"2017-09-26 18:09:04.727433",cows_switchtime,CoWSstd1,1020.0
2454,"2017-09-26 18:09:04.727433",std_d18O,CoWSstd1,0.192757699031725
2454,"2017-09-26 18:09:04.727433",std_d2H,CoWSstd1,0.43660606417102
2454,"2017-09-26 18:09:04.727433",std_H2O,CoWSstd1,53.3352564573556
2454,"2017-09-26 18:09:04.727433",mean_H2O,CoWSstd1,19496.9083361243
2454,"2017-09-26 18:09:04.727433",cows_readytime,CoWSstd1,1200.0
2454,"2017-09-26 18:09:04.727433",mean_d18O,CoWSstd1,-19.3542400879791
2454,"2017-09-26 18:09:04.727433",mean_d2H,CoWSstd1,-72.6051280782621
2455,"2017-09-26 18:31:08.033708",flushspeed,str#176,2.15784972170974
2455,"2017-09-26 18:31:08.033708",samplevol,str#176,68.7231979370117
2455,"2017-09-26 18:31:08.033708",sourceid,str#176,2.0
2455,"2017-09-26 18:31:08.033708",cows_switchtime,str#176,1020.0
2455,"2017-09-26 18:31:08.033708",std_d18O,str#176,0.190274355968727
2455,"2017-09-26 18:31:08.033708",std_d2H,str#176,0.364037456660474
2455,"2017-09-26 18:31:08.033708",std_H2O,str#176,115.83258933519
2455,"2017-09-26 18:31:08.033708",mean_H2O,str#176,19695.0565060735
2455,"2017-09-26 18:31:08.033708",cows_readytime,str#176,1200.0
2455,"2017-09-26 18:31:08.033708",mean_d18O,str#176,-29.4036465965695
2455,"2017-09-26 18:31:08.033708",mean_d2H,str#176,-119.398727842538
2456,"2017-09-26 18:52:13.099261",flushspeed,gw#233,1.98644494772295
2456,"2017-09-26 18:52:13.099261",samplevol,gw#233,68.8283309936523
2456,"2017-09-26 18:52:13.099261",sourceid,gw#233,8.0
2456,"2017-09-26 18:52:13.099261",cows_switchtime,gw#233,1020.0
2456,"2017-09-26 18:52:13.099261",std_d18O,gw#233,0.221465682422809
2456,"2017-09-26 18:52:13.099261",std_d2H,gw#233,0.380094241064531
2456,"2017-09-26 18:52:13.099261",std_H2O,gw#233,25.2019883651748
2456,"2017-09-26 18:52:13.099261",mean_H2O,gw#233,19534.9007998165
2456,"2017-09-26 18:52:13.099261",cows_readytime,gw#233,1200.0
2456,"2017-09-26 18:52:13.099261",mean_d18O,gw#233,-29.3622673948009
2456,"2017-09-26 18:52:13.099261",mean_d2H,gw#233,-119.12565588536
2458,"2017-09-26 19:17:26.946241",flushspeed,str#226,1.54910104581256
2458,"2017-09-26 19:17:26.946241",samplevol,str#226,63.4542770385742
2458,"2017-09-26 19:17:26.946241",sourceid,str#226,3.0
2459,"2017-09-26 19:36:52.046938",flushspeed,gw#125,1.90975162145466
2459,"2017-09-26 19:36:52.046938",samplevol,gw#125,69.4500274658203
2458,"2017-09-26 19:17:26.946241",cows_switchtime,str#226,1020.0
2458,"2017-09-26 19:17:26.946241",std_d18O,str#226,0.200225339234312
2458,"2017-09-26 19:17:26.946241",std_d2H,str#226,0.409862920008437
2458,"2017-09-26 19:17:26.946241",std_H2O,str#226,18.1518616494585
2458,"2017-09-26 19:17:26.946241",mean_H2O,str#226,19761.5875262679
2458,"2017-09-26 19:17:26.946241",cows_readytime,str#226,1200.0
2458,"2017-09-26 19:17:26.946241",mean_d18O,str#226,-29.4494405121158
2458,"2017-09-26 19:17:26.946241",mean_d2H,str#226,-120.091204130982
2459,"2017-09-26 19:36:52.046938",sourceid,gw#125,7.0
2459,"2017-09-26 19:36:52.046938",cows_switchtime,gw#125,1020.0
2459,"2017-09-26 19:36:52.046938",std_d18O,gw#125,0.17631039244455
2459,"2017-09-26 19:36:52.046938",std_d2H,gw#125,0.378924130392864
2459,"2017-09-26 19:36:52.046938",std_H2O,gw#125,84.9358845631699
2459,"2017-09-26 19:36:52.046938",mean_H2O,gw#125,19740.9234974786
2459,"2017-09-26 19:36:52.046938",cows_readytime,gw#125,1200.0
2459,"2017-09-26 19:36:52.046938",mean_d18O,gw#125,-28.9729213130215
2459,"2017-09-26 19:36:52.046938",mean_d2H,gw#125,-117.01045013158
2460,"2017-09-26 19:53:54.129613",cows_switchtime,CoWSstd2,1020.0
2460,"2017-09-26 19:53:54.129613",std_d18O,CoWSstd2,0.19626330249329
2460,"2017-09-26 19:53:54.129613",std_d2H,CoWSstd2,0.366588069329455
2460,"2017-09-26 19:53:54.129613",std_H2O,CoWSstd2,21.9723869704151
2460,"2017-09-26 19:53:54.129613",mean_H2O,CoWSstd2,19773.7651309149
2460,"2017-09-26 19:53:54.129613",cows_readytime,CoWSstd2,1200.0
2460,"2017-09-26 19:53:54.129613",mean_d18O,CoWSstd2,-40.1532059075323
2460,"2017-09-26 19:53:54.129613",mean_d2H,CoWSstd2,-200.982914612641
2461,"2017-09-26 20:15:50.199102",flushspeed,str#176,2.02542867896612
2461,"2017-09-26 20:15:50.199102",samplevol,str#176,70.2803497314453
2461,"2017-09-26 20:15:50.199102",sourceid,str#176,2.0
2461,"2017-09-26 20:15:50.199102",cows_switchtime,str#176,1020.0
2461,"2017-09-26 20:15:50.199102",std_d18O,str#176,0.184500720576512
2461,"2017-09-26 20:15:50.199102",std_d2H,str#176,0.387783113504548
2461,"2017-09-26 20:15:50.199102",std_H2O,str#176,32.6610854637972
2461,"2017-09-26 20:15:50.199102",mean_H2O,str#176,19647.9273778702
2461,"2017-09-26 20:15:50.199102",cows_readytime,str#176,1200.0
2461,"2017-09-26 20:15:50.199102",mean_d18O,str#176,-29.4127869058174
2461,"2017-09-26 20:15:50.199102",mean_d2H,str#176,-120.869541683335
2463,"2017-09-26 20:41:10.325951",flushspeed,str#226,1.72620260846729
2463,"2017-09-26 20:41:10.325951",samplevol,str#226,73.6915893554687
2463,"2017-09-26 20:41:10.325951",sourceid,str#226,3.0
2464,"2017-09-26 21:00:46.525959",flushspeed,gw#195,1.77378936254617
2464,"2017-09-26 21:00:46.525959",samplevol,gw#195,74.5027008056641
2463,"2017-09-26 20:41:10.325951",cows_switchtime,str#226,1020.0
2463,"2017-09-26 20:41:10.325951",std_d18O,str#226,0.200532761288872
2463,"2017-09-26 20:41:10.325951",std_d2H,str#226,0.412642797795237
2463,"2017-09-26 20:41:10.325951",std_H2O,str#226,70.8033778470946
2463,"2017-09-26 20:41:10.325951",mean_H2O,str#226,19670.9989516821
2463,"2017-09-26 20:41:10.325951",cows_readytime,str#226,1200.0
2463,"2017-09-26 20:41:10.325951",mean_d18O,str#226,-29.4965564455108
2463,"2017-09-26 20:41:10.325951",mean_d2H,str#226,-120.333003902048
2464,"2017-09-26 21:00:46.525959",sourceid,gw#195,4.0
2464,"2017-09-26 21:00:46.525959",cows_switchtime,gw#195,1020.0
2464,"2017-09-26 21:00:46.525959",std_d18O,gw#195,0.177698008664237
2464,"2017-09-26 21:00:46.525959",std_d2H,gw#195,0.406589256878111
2464,"2017-09-26 21:00:46.525959",std_H2O,gw#195,19.3499225379987
2464,"2017-09-26 21:00:46.525959",mean_H2O,gw#195,19481.0861196198
2464,"2017-09-26 21:00:46.525959",cows_readytime,gw#195,1200.0
2464,"2017-09-26 21:00:46.525959",mean_d18O,gw#195,-29.1576443004162
2464,"2017-09-26 21:00:46.525959",mean_d2H,gw#195,-118.762110341649
2465,"2017-09-26 21:17:48.965085",cows_switchtime,CoWSstd1,1020.0
2465,"2017-09-26 21:17:48.965085",std_d18O,CoWSstd1,0.198135504028732
2465,"2017-09-26 21:17:48.965085",std_d2H,CoWSstd1,0.43392807377164
2465,"2017-09-26 21:17:48.965085",std_H2O,CoWSstd1,97.6294957962743
2465,"2017-09-26 21:17:48.965085",mean_H2O,CoWSstd1,19699.039052341
2465,"2017-09-26 21:17:48.965085",cows_readytime,CoWSstd1,1200.0
2465,"2017-09-26 21:17:48.965085",mean_d18O,CoWSstd1,-19.3565777469022
2465,"2017-09-26 21:17:48.965085",mean_d2H,CoWSstd1,-72.6866301109517
2466,"2017-09-26 21:38:53.299768",flushspeed,str#176,2.11215783115624
2466,"2017-09-26 21:38:53.299768",samplevol,str#176,68.6915969848633
2466,"2017-09-26 21:38:53.299768",sourceid,str#176,2.0
2466,"2017-09-26 21:38:53.299768",cows_switchtime,str#176,1020.0
2466,"2017-09-26 21:38:53.299768",std_d18O,str#176,0.240511004449634
2466,"2017-09-26 21:38:53.299768",std_d2H,str#176,0.462834425565996
2466,"2017-09-26 21:38:53.299768",std_H2O,str#176,86.1390918533989
2466,"2017-09-26 21:38:53.299768",mean_H2O,str#176,19698.7579959917
2466,"2017-09-26 21:38:53.299768",cows_readytime,str#176,1200.0
2466,"2017-09-26 21:38:53.299768",mean_d18O,str#176,-29.4097674475309
2466,"2017-09-26 21:38:53.299768",mean_d2H,str#176,-119.479620720937
2468,"2017-09-26 22:03:01.051859",flushspeed,gw#233,1.90084390005521
2468,"2017-09-26 22:03:01.051859",samplevol,gw#233,69.3998107910156
2468,"2017-09-26 22:03:01.051859",sourceid,gw#233,8.0
2468,"2017-09-26 22:03:01.051859",cows_switchtime,gw#233,1020.0
2468,"2017-09-26 22:03:01.051859",std_d18O,gw#233,0.199727486922447
2468,"2017-09-26 22:03:01.051859",std_d2H,gw#233,0.433084044508926
2468,"2017-09-26 22:03:01.051859",std_H2O,gw#233,65.1302079608227
2468,"2017-09-26 22:03:01.051859",mean_H2O,gw#233,19687.9600435586
2468,"2017-09-26 22:03:01.051859",cows_readytime,gw#233,1200.0
2468,"2017-09-26 22:03:01.051859",mean_d18O,gw#233,-29.2798947363921
2468,"2017-09-26 22:03:01.051859",mean_d2H,gw#233,-119.120982933848
2469,"2017-09-26 22:24:38.120402",flushspeed,str#226,1.6166861455168
2469,"2017-09-26 22:24:38.120402",samplevol,str#226,61.5149078369141
2469,"2017-09-26 22:24:38.120402",sourceid,str#226,3.0
2470,"2017-09-26 22:43:44.505825",flushspeed,gw#125,2.04541842142741
2470,"2017-09-26 22:43:44.505825",samplevol,gw#125,68.7260589599609
2469,"2017-09-26 22:24:38.120402",cows_switchtime,str#226,1020.0
2469,"2017-09-26 22:24:38.120402",std_d18O,str#226,0.179158640504921
2469,"2017-09-26 22:24:38.120402",std_d2H,str#226,0.391573604084878
2469,"2017-09-26 22:24:38.120402",std_H2O,str#226,47.5151390704003
2469,"2017-09-26 22:24:38.120402",mean_H2O,str#226,19841.4909167594
2469,"2017-09-26 22:24:38.120402",cows_readytime,str#226,1200.0
2469,"2017-09-26 22:24:38.120402",mean_d18O,str#226,-29.5041787383377
2469,"2017-09-26 22:24:38.120402",mean_d2H,str#226,-120.010584082342
2470,"2017-09-26 22:43:44.505825",sourceid,gw#125,7.0
2470,"2017-09-26 22:43:44.505825",cows_switchtime,gw#125,1020.0
2470,"2017-09-26 22:43:44.505825",std_d18O,gw#125,0.210580329698664
2470,"2017-09-26 22:43:44.505825",std_d2H,gw#125,0.402309434512769
2470,"2017-09-26 22:43:44.505825",std_H2O,gw#125,72.1262188170907
2470,"2017-09-26 22:43:44.505825",mean_H2O,gw#125,19707.7160528588
2470,"2017-09-26 22:43:44.505825",cows_readytime,gw#125,1200.0
2470,"2017-09-26 22:43:44.505825",mean_d18O,gw#125,-28.9866374868455
2470,"2017-09-26 22:43:44.505825",mean_d2H,gw#125,-117.249262937111
2471,"2017-09-26 23:00:46.103316",cows_switchtime,CoWSstd2,1020.0
2471,"2017-09-26 23:00:46.103316",std_d18O,CoWSstd2,0.184992737476902
2471,"2017-09-26 23:00:46.103316",std_d2H,CoWSstd2,0.402367107322822
2471,"2017-09-26 23:00:46.103316",std_H2O,CoWSstd2,90.9680595402997
2471,"2017-09-26 23:00:46.103316",mean_H2O,CoWSstd2,19667.1635419125
2471,"2017-09-26 23:00:46.103316",cows_readytime,CoWSstd2,1200.0
2471,"2017-09-26 23:00:46.103316",mean_d18O,CoWSstd2,-40.1959403686184
2471,"2017-09-26 23:00:46.103316",mean_d2H,CoWSstd2,-201.133047374226
2473,"2017-09-26 23:23:51.496170",flushspeed,str#176,1.94212226359574
2473,"2017-09-26 23:23:51.496170",samplevol,str#176,71.5924530029297
2473,"2017-09-26 23:23:51.496170",sourceid,str#176,2.0
2473,"2017-09-26 23:23:51.496170",cows_switchtime,str#176,1020.0
2473,"2017-09-26 23:23:51.496170",std_d18O,str#176,0.175816389783372
2473,"2017-09-26 23:23:51.496170",std_d2H,str#176,0.382078877207947
2473,"2017-09-26 23:23:51.496170",std_H2O,str#176,34.5845492087044
2473,"2017-09-26 23:23:51.496170",mean_H2O,str#176,19636.763854756
2473,"2017-09-26 23:23:51.496170",cows_readytime,str#176,1200.0
2473,"2017-09-26 23:23:51.496170",mean_d18O,str#176,-29.4845719471508
2473,"2017-09-26 23:23:51.496170",mean_d2H,str#176,-120.989775708396
2474,"2017-09-26 23:46:38.849029",flushspeed,str#226,1.47202483924361
2474,"2017-09-26 23:46:38.849029",samplevol,str#226,60.9123878479004
2474,"2017-09-26 23:46:38.849029",sourceid,str#226,3.0
2475,"2017-09-27 00:06:13.774535",flushspeed,gw#195,1.3846524627042
2475,"2017-09-27 00:06:13.774535",samplevol,gw#195,62.3785934448242
2474,"2017-09-26 23:46:38.849029",cows_switchtime,str#226,1020.0
2474,"2017-09-26 23:46:38.849029",std_d18O,str#226,0.19160897914998
2474,"2017-09-26 23:46:38.849029",std_d2H,str#226,0.383545864486504
2474,"2017-09-26 23:46:38.849029",std_H2O,str#226,33.6115382109592
2474,"2017-09-26 23:46:38.849029",mean_H2O,str#226,19701.3068875547
2474,"2017-09-26 23:46:38.849029",cows_readytime,str#226,1200.0
2474,"2017-09-26 23:46:38.849029",mean_d18O,str#226,-29.5412633962274
2474,"2017-09-26 23:46:38.849029",mean_d2H,str#226,-120.551131774088
2475,"2017-09-27 00:06:13.774535",sourceid,gw#195,4.0
2475,"2017-09-27 00:06:13.774535",cows_switchtime,gw#195,1020.0
2475,"2017-09-27 00:06:13.774535",std_d18O,gw#195,0.199693747675114
2475,"2017-09-27 00:06:13.774535",std_d2H,gw#195,0.417352460513256
2475,"2017-09-27 00:06:13.774535",std_H2O,gw#195,78.6500711606593
2475,"2017-09-27 00:06:13.774535",mean_H2O,gw#195,19733.3005249348
2475,"2017-09-27 00:06:13.774535",cows_readytime,gw#195,1200.0
2475,"2017-09-27 00:06:13.774535",mean_d18O,gw#195,-29.1777149249569
2475,"2017-09-27 00:06:13.774535",mean_d2H,gw#195,-118.506757008332
2477,"2017-09-27 00:25:41.973653",cows_switchtime,CoWSstd1,1020.0
2477,"2017-09-27 00:25:41.973653",std_d18O,CoWSstd1,0.186190765300308
2477,"2017-09-27 00:25:41.973653",std_d2H,CoWSstd1,0.445964831470324
2477,"2017-09-27 00:25:41.973653",std_H2O,CoWSstd1,57.5238723677951
2477,"2017-09-27 00:25:41.973653",mean_H2O,CoWSstd1,19712.2474493092
2477,"2017-09-27 00:25:41.973653",cows_readytime,CoWSstd1,1200.0
2477,"2017-09-27 00:25:41.973653",mean_d18O,CoWSstd1,-19.3308237510194
2477,"2017-09-27 00:25:41.973653",mean_d2H,CoWSstd1,-72.7280584721547
2478,"2017-09-27 00:49:33.383354",flushspeed,str#176,1.68012597428087
2478,"2017-09-27 00:49:33.383354",samplevol,str#176,67.2369613647461
2478,"2017-09-27 00:49:33.383354",sourceid,str#176,2.0
2478,"2017-09-27 00:49:33.383354",cows_switchtime,str#176,1020.0
2478,"2017-09-27 00:49:33.383354",std_d18O,str#176,0.197108409907524
2478,"2017-09-27 00:49:33.383354",std_d2H,str#176,0.347832970054608
2478,"2017-09-27 00:49:33.383354",std_H2O,str#176,32.5008239785042
2478,"2017-09-27 00:49:33.383354",mean_H2O,str#176,19798.5453480958
2478,"2017-09-27 00:49:33.383354",cows_readytime,str#176,1200.0
2478,"2017-09-27 00:49:33.383354",mean_d18O,str#176,-29.3854379614681
2478,"2017-09-27 00:49:33.383354",mean_d2H,str#176,-119.526666459101
2479,"2017-09-27 01:11:01.215943",flushspeed,gw#233,1.67319547152507
2479,"2017-09-27 01:11:01.215943",samplevol,gw#233,64.8865203857422
2479,"2017-09-27 01:11:01.215943",sourceid,gw#233,8.0
2479,"2017-09-27 01:11:01.215943",cows_switchtime,gw#233,1020.0
2479,"2017-09-27 01:11:01.215943",std_d18O,gw#233,0.166285398063978
2479,"2017-09-27 01:11:01.215943",std_d2H,gw#233,0.387659197790516
2479,"2017-09-27 01:11:01.215943",std_H2O,gw#233,28.0597253670206
2479,"2017-09-27 01:11:01.215943",mean_H2O,gw#233,19565.6121687529
2479,"2017-09-27 01:11:01.215943",cows_readytime,gw#233,1200.0
2479,"2017-09-27 01:11:01.215943",mean_d18O,gw#233,-29.3250074096658
2479,"2017-09-27 01:11:01.215943",mean_d2H,gw#233,-119.177301231551
2480,"2017-09-27 01:32:14.620929",flushspeed,str#226,1.61569404776876
2480,"2017-09-27 01:32:14.620929",samplevol,str#226,70.5088882446289
2480,"2017-09-27 01:32:14.620929",sourceid,str#226,3.0
2480,"2017-09-27 01:32:14.620929",cows_switchtime,str#226,1020.0
2480,"2017-09-27 01:32:14.620929",std_d18O,str#226,0.213691508262559
2480,"2017-09-27 01:32:14.620929",std_d2H,str#226,0.366326435212933
2480,"2017-09-27 01:32:14.620929",std_H2O,str#226,32.8658363977643
2480,"2017-09-27 01:32:14.620929",mean_H2O,str#226,19758.1181761204
2480,"2017-09-27 01:32:14.620929",cows_readytime,str#226,1200.0
2480,"2017-09-27 01:32:14.620929",mean_d18O,str#226,-29.4597042739409
2480,"2017-09-27 01:32:14.620929",mean_d2H,str#226,-120.139977028898
2483,"2017-09-27 01:58:30.290819",cows_switchtime,CoWSstd2,1020.0
2483,"2017-09-27 01:58:30.290819",std_d18O,CoWSstd2,0.181272469518533
2483,"2017-09-27 01:58:30.290819",std_d2H,CoWSstd2,0.409623007351596
2483,"2017-09-27 01:58:30.290819",std_H2O,CoWSstd2,26.5508299434901
2483,"2017-09-27 01:58:30.290819",mean_H2O,CoWSstd2,19916.4969980948
2483,"2017-09-27 01:58:30.290819",cows_readytime,CoWSstd2,1200.0
2483,"2017-09-27 01:58:30.290819",mean_d18O,CoWSstd2,-40.0411888914355
2483,"2017-09-27 01:58:30.290819",mean_d2H,CoWSstd2,-200.868555850378
2484,"2017-09-27 02:22:21.448841",flushspeed,str#176,1.70050236723582
2484,"2017-09-27 02:22:21.448841",samplevol,str#176,65.5679702758789
2484,"2017-09-27 02:22:21.448841",sourceid,str#176,2.0
2484,"2017-09-27 02:22:21.448841",cows_switchtime,str#176,1020.0
2484,"2017-09-27 02:22:21.448841",std_d18O,str#176,0.198667085688597
2484,"2017-09-27 02:22:21.448841",std_d2H,str#176,0.343179335154529
2484,"2017-09-27 02:22:21.448841",std_H2O,str#176,28.0198292882438
2484,"2017-09-27 02:22:21.448841",mean_H2O,str#176,19773.0650822881
2484,"2017-09-27 02:22:21.448841",cows_readytime,str#176,1200.0
2484,"2017-09-27 02:22:21.448841",mean_d18O,str#176,-29.389133333051
2484,"2017-09-27 02:22:21.448841",mean_d2H,str#176,-120.662262666446
2485,"2017-09-27 02:45:05.933967",flushspeed,str#226,1.4291408727493
2485,"2017-09-27 02:45:05.933967",samplevol,str#226,65.3603286743164
2485,"2017-09-27 02:45:05.933967",sourceid,str#226,3.0
2486,"2017-09-27 03:04:52.483053",flushspeed,gw#195,1.46983973464777
2486,"2017-09-27 03:04:52.483053",samplevol,gw#195,72.8731842041016
2485,"2017-09-27 02:45:05.933967",cows_switchtime,str#226,1020.0
2485,"2017-09-27 02:45:05.933967",std_d18O,str#226,0.187431492616168
2485,"2017-09-27 02:45:05.933967",std_d2H,str#226,0.424109276285602
2485,"2017-09-27 02:45:05.933967",std_H2O,str#226,28.2152334602127
2485,"2017-09-27 02:45:05.933967",mean_H2O,str#226,19710.382295984
2485,"2017-09-27 02:45:05.933967",cows_readytime,str#226,1200.0
2485,"2017-09-27 02:45:05.933967",mean_d18O,str#226,-29.4033471115205
2485,"2017-09-27 02:45:05.933967",mean_d2H,str#226,-120.513143695297
2486,"2017-09-27 03:04:52.483053",sourceid,gw#195,4.0
2486,"2017-09-27 03:04:52.483053",cows_switchtime,gw#195,1020.0
2486,"2017-09-27 03:04:52.483053",std_d18O,gw#195,0.197172268377578
2486,"2017-09-27 03:04:52.483053",std_d2H,gw#195,0.427080198003862
2486,"2017-09-27 03:04:52.483053",std_H2O,gw#195,77.1707536215644
2486,"2017-09-27 03:04:52.483053",mean_H2O,gw#195,19886.8229422861
2486,"2017-09-27 03:04:52.483053",cows_readytime,gw#195,1200.0
2486,"2017-09-27 03:04:52.483053",mean_d18O,gw#195,-29.1223038815242
2486,"2017-09-27 03:04:52.483053",mean_d2H,gw#195,-118.453791200372
2488,"2017-09-27 03:24:20.594228",cows_switchtime,CoWSstd1,1020.0
2488,"2017-09-27 03:24:20.594228",std_d18O,CoWSstd1,0.194718001906996
2488,"2017-09-27 03:24:20.594228",std_d2H,CoWSstd1,0.41017528733471
2488,"2017-09-27 03:24:20.594228",std_H2O,CoWSstd1,61.4467588292834
2488,"2017-09-27 03:24:20.594228",mean_H2O,CoWSstd1,19852.2659764611
2488,"2017-09-27 03:24:20.594228",cows_readytime,CoWSstd1,1200.0
2488,"2017-09-27 03:24:20.594228",mean_d18O,CoWSstd1,-19.359372712397
2488,"2017-09-27 03:24:20.594228",mean_d2H,CoWSstd1,-73.1331397101224
2489,"2017-09-27 03:47:56.918011",flushspeed,str#176,2.04494228318218
2489,"2017-09-27 03:47:56.918011",samplevol,str#176,67.8798141479492
2489,"2017-09-27 03:47:56.918011",sourceid,str#176,2.0
2489,"2017-09-27 03:47:56.918011",cows_switchtime,str#176,1020.0
2489,"2017-09-27 03:47:56.918011",std_d18O,str#176,0.183541109535186
2489,"2017-09-27 03:47:56.918011",std_d2H,str#176,0.370288742338103
2489,"2017-09-27 03:47:56.918011",std_H2O,str#176,54.5703831262432
2489,"2017-09-27 03:47:56.918011",mean_H2O,str#176,19989.8885402494
2489,"2017-09-27 03:47:56.918011",cows_readytime,str#176,1200.0
2489,"2017-09-27 03:47:56.918011",mean_d18O,str#176,-29.3931987466148
2489,"2017-09-27 03:47:56.918011",mean_d2H,str#176,-119.503771710631
2490,"2017-09-27 04:09:41.406505",flushspeed,gw#233,1.6952499746883
2490,"2017-09-27 04:09:41.406505",samplevol,gw#233,64.2279357910156
2490,"2017-09-27 04:09:41.406505",sourceid,gw#233,8.0
2490,"2017-09-27 04:09:41.406505",cows_switchtime,gw#233,1020.0
2490,"2017-09-27 04:09:41.406505",std_d18O,gw#233,0.19756852492983
2490,"2017-09-27 04:09:41.406505",std_d2H,gw#233,0.369413857099869
2490,"2017-09-27 04:09:41.406505",std_H2O,gw#233,46.2451052853672
2490,"2017-09-27 04:09:41.406505",mean_H2O,gw#233,19763.2508677493
2490,"2017-09-27 04:09:41.406505",cows_readytime,gw#233,1200.0
2490,"2017-09-27 04:09:41.406505",mean_d18O,gw#233,-29.2268599480742
2490,"2017-09-27 04:09:41.406505",mean_d2H,gw#233,-119.092666241627
2492,"2017-09-27 04:35:15.381902",flushspeed,str#226,1.54449871469961
2492,"2017-09-27 04:35:15.381902",samplevol,str#226,70.0244827270508
2492,"2017-09-27 04:35:15.381902",sourceid,str#226,3.0
2492,"2017-09-27 04:35:15.381902",cows_switchtime,str#226,1020.0
2492,"2017-09-27 04:35:15.381902",std_d18O,str#226,0.191866217041693
2492,"2017-09-27 04:35:15.381902",std_d2H,str#226,0.408142951237648
2492,"2017-09-27 04:35:15.381902",std_H2O,str#226,38.539319501229
2492,"2017-09-27 04:35:15.381902",mean_H2O,str#226,19871.5807411383
2492,"2017-09-27 04:35:15.381902",cows_readytime,str#226,1200.0
2492,"2017-09-27 04:35:15.381902",mean_d18O,str#226,-29.3826995861347
2492,"2017-09-27 04:35:15.381902",mean_d2H,str#226,-119.958760359097
2494,"2017-09-27 04:54:45.791948",cows_switchtime,CoWSstd2,1020.0
2494,"2017-09-27 04:54:45.791948",std_d18O,CoWSstd2,0.19323276127706
2494,"2017-09-27 04:54:45.791948",std_d2H,CoWSstd2,0.435813554228675
2494,"2017-09-27 04:54:45.791948",std_H2O,CoWSstd2,53.3269214786481
2494,"2017-09-27 04:54:45.791948",mean_H2O,CoWSstd2,20055.5520149486
2494,"2017-09-27 04:54:45.791948",cows_readytime,CoWSstd2,1200.0
2494,"2017-09-27 04:54:45.791948",mean_d18O,CoWSstd2,-40.0903800618141
2494,"2017-09-27 04:54:45.791948",mean_d2H,CoWSstd2,-200.908231981834
2495,"2017-09-27 05:18:32.681952",flushspeed,str#176,1.77953699000451
2495,"2017-09-27 05:18:32.681952",samplevol,str#176,67.5868148803711
2495,"2017-09-27 05:18:32.681952",sourceid,str#176,2.0
2495,"2017-09-27 05:18:32.681952",cows_switchtime,str#176,1020.0
2495,"2017-09-27 05:18:32.681952",std_d18O,str#176,0.187057360737592
2495,"2017-09-27 05:18:32.681952",std_d2H,str#176,0.38051107626532
2495,"2017-09-27 05:18:32.681952",std_H2O,str#176,25.8984933381029
2495,"2017-09-27 05:18:32.681952",mean_H2O,str#176,19620.4210797515
2495,"2017-09-27 05:18:32.681952",cows_readytime,str#176,1200.0
2495,"2017-09-27 05:18:32.681952",mean_d18O,str#176,-29.5024710654421
2495,"2017-09-27 05:18:32.681952",mean_d2H,str#176,-121.059492100831
2496,"2017-09-27 05:41:20.778042",flushspeed,str#226,1.58282648630882
2496,"2017-09-27 05:41:20.778042",samplevol,str#226,69.9878387451172
2496,"2017-09-27 05:41:20.778042",sourceid,str#226,3.0
2496,"2017-09-27 05:41:20.778042",cows_switchtime,str#226,1020.0
2496,"2017-09-27 05:41:20.778042",std_d18O,str#226,0.193294308944887
2496,"2017-09-27 05:41:20.778042",std_d2H,str#226,0.346020141392258
2496,"2017-09-27 05:41:20.778042",std_H2O,str#226,77.5778002225629
2496,"2017-09-27 05:41:20.778042",mean_H2O,str#226,20051.6882823384
2496,"2017-09-27 05:41:20.778042",cows_readytime,str#226,1200.0
2496,"2017-09-27 05:41:20.778042",mean_d18O,str#226,-29.4893803256464
2496,"2017-09-27 05:41:20.778042",mean_d2H,str#226,-120.658689994917
2498,"2017-09-27 06:05:59.516349",flushspeed,gw#195,1.34520792554566
2498,"2017-09-27 06:05:59.516349",samplevol,gw#195,67.2913360595703
2498,"2017-09-27 06:05:59.516349",sourceid,gw#195,4.0
2498,"2017-09-27 06:05:59.516349",cows_switchtime,gw#195,1020.0
2498,"2017-09-27 06:05:59.516349",std_d18O,gw#195,0.185359746974332
2498,"2017-09-27 06:05:59.516349",std_d2H,gw#195,0.432424399216941
2498,"2017-09-27 06:05:59.516349",std_H2O,gw#195,168.116430083784
2498,"2017-09-27 06:05:59.516349",mean_H2O,gw#195,19269.4853290946
2498,"2017-09-27 06:05:59.516349",cows_readytime,gw#195,1200.0
2498,"2017-09-27 06:05:59.516349",mean_d18O,gw#195,-29.2147130408929
2498,"2017-09-27 06:05:59.516349",mean_d2H,gw#195,-118.783686479125
2499,"2017-09-27 06:23:01.681418",cows_switchtime,CoWSstd1,1020.0
2499,"2017-09-27 06:23:01.681418",std_d18O,CoWSstd1,0.196968409422482
2499,"2017-09-27 06:23:01.681418",std_d2H,CoWSstd1,0.430527707821199
2499,"2017-09-27 06:23:01.681418",std_H2O,CoWSstd1,69.7547476788864
2499,"2017-09-27 06:23:01.681418",mean_H2O,CoWSstd1,19782.267701713
2499,"2017-09-27 06:23:01.681418",cows_readytime,CoWSstd1,1200.0
2499,"2017-09-27 06:23:01.681418",mean_d18O,CoWSstd1,-19.3212804467654
2499,"2017-09-27 06:23:01.681418",mean_d2H,CoWSstd1,-72.9137426244747
2500,"2017-09-27 06:45:08.709634",flushspeed,str#176,1.81826401666616
2500,"2017-09-27 06:45:08.709634",samplevol,str#176,66.3284530639648
2500,"2017-09-27 06:45:08.709634",sourceid,str#176,2.0
2500,"2017-09-27 06:45:08.709634",cows_switchtime,str#176,1020.0
2500,"2017-09-27 06:45:08.709634",std_d18O,str#176,0.189088452657115
2500,"2017-09-27 06:45:08.709634",std_d2H,str#176,0.465149594831646
2500,"2017-09-27 06:45:08.709634",std_H2O,str#176,79.2757511756122
2500,"2017-09-27 06:45:08.709634",mean_H2O,str#176,19604.7156235099
2500,"2017-09-27 06:45:08.709634",cows_readytime,str#176,1200.0
2500,"2017-09-27 06:45:08.709634",mean_d18O,str#176,-29.40971708452
2500,"2017-09-27 06:45:08.709634",mean_d2H,str#176,-119.623296449984
2502,"2017-09-27 07:09:26.552927",flushspeed,gw#233,1.68143741286193
2502,"2017-09-27 07:09:26.552927",samplevol,gw#233,67.1599731445312
2502,"2017-09-27 07:09:26.552927",sourceid,gw#233,8.0
2502,"2017-09-27 07:09:26.552927",cows_switchtime,gw#233,1020.0
2502,"2017-09-27 07:09:26.552927",std_d18O,gw#233,0.182674082100349
2502,"2017-09-27 07:09:26.552927",std_d2H,gw#233,0.390732435318377
2502,"2017-09-27 07:09:26.552927",std_H2O,gw#233,53.627016973412
2502,"2017-09-27 07:09:26.552927",mean_H2O,gw#233,19721.99268368
2502,"2017-09-27 07:09:26.552927",cows_readytime,gw#233,1200.0
2502,"2017-09-27 07:09:26.552927",mean_d18O,gw#233,-29.2902051633633
2502,"2017-09-27 07:09:26.552927",mean_d2H,gw#233,-119.160721285103
2503,"2017-09-27 07:31:02.535933",flushspeed,str#226,1.67699738791316
2503,"2017-09-27 07:31:02.535933",samplevol,str#226,68.7870788574219
2503,"2017-09-27 07:31:02.535933",sourceid,str#226,3.0
2503,"2017-09-27 07:31:02.535933",cows_switchtime,str#226,1020.0
2503,"2017-09-27 07:31:02.535933",std_d18O,str#226,0.188694211982376
2503,"2017-09-27 07:31:02.535933",std_d2H,str#226,0.360232327230019
2503,"2017-09-27 07:31:02.535933",std_H2O,str#226,15.7946838561651
2503,"2017-09-27 07:31:02.535933",mean_H2O,str#226,19684.3172833808
2503,"2017-09-27 07:31:02.535933",cows_readytime,str#226,1200.0
2503,"2017-09-27 07:31:02.535933",mean_d18O,str#226,-29.4629331129547
2503,"2017-09-27 07:31:02.535933",mean_d2H,str#226,-120.395526717222
2505,"2017-09-27 07:50:30.438113",cows_switchtime,CoWSstd2,1020.0
2505,"2017-09-27 07:50:30.438113",std_d18O,CoWSstd2,0.178660831584882
2505,"2017-09-27 07:50:30.438113",std_d2H,CoWSstd2,0.405266749159457
2505,"2017-09-27 07:50:30.438113",std_H2O,CoWSstd2,33.846022731145
2505,"2017-09-27 07:50:30.438113",mean_H2O,CoWSstd2,19682.7657788536
2505,"2017-09-27 07:50:30.438113",cows_readytime,CoWSstd2,1200.0
2505,"2017-09-27 07:50:30.438113",mean_d18O,CoWSstd2,-40.1410485212509
2505,"2017-09-27 07:50:30.438113",mean_d2H,CoWSstd2,-200.993786045225
2506,"2017-09-27 08:14:10.105837",flushspeed,str#176,1.95879026600057
2506,"2017-09-27 08:14:10.105837",samplevol,str#176,70.4713973999023
2506,"2017-09-27 08:14:10.105837",sourceid,str#176,2.0
2506,"2017-09-27 08:14:10.105837",cows_switchtime,str#176,1020.0
2506,"2017-09-27 08:14:10.105837",std_d18O,str#176,0.209068989797732
2506,"2017-09-27 08:14:10.105837",std_d2H,str#176,0.386858575223961
2506,"2017-09-27 08:14:10.105837",std_H2O,str#176,30.87999184933
2506,"2017-09-27 08:14:10.105837",mean_H2O,str#176,19793.5527563544
2506,"2017-09-27 08:14:10.105837",cows_readytime,str#176,1200.0
2506,"2017-09-27 08:14:10.105837",mean_d18O,str#176,-29.444279611467
2506,"2017-09-27 08:14:10.105837",mean_d2H,str#176,-120.841426960725
2508,"2017-09-27 08:39:31.518171",flushspeed,str#226,1.62817768765083
2508,"2017-09-27 08:39:31.518171",samplevol,str#226,69.8292846679687
2508,"2017-09-27 08:39:31.518171",sourceid,str#226,3.0
2509,"2017-09-27 08:59:16.788697",flushspeed,gw#195,1.22576896611097
2509,"2017-09-27 08:59:16.788697",samplevol,gw#195,59.3787002563477
2508,"2017-09-27 08:39:31.518171",cows_switchtime,str#226,1020.0
2508,"2017-09-27 08:39:31.518171",std_d18O,str#226,0.184486211968169
2508,"2017-09-27 08:39:31.518171",std_d2H,str#226,0.404873030012442
2508,"2017-09-27 08:39:31.518171",std_H2O,str#226,54.0344661208612
2508,"2017-09-27 08:39:31.518171",mean_H2O,str#226,19744.9551592439
2508,"2017-09-27 08:39:31.518171",cows_readytime,str#226,1200.0
2508,"2017-09-27 08:39:31.518171",mean_d18O,str#226,-29.5938306641019
2508,"2017-09-27 08:39:31.518171",mean_d2H,str#226,-120.703029720681
2509,"2017-09-27 08:59:16.788697",sourceid,gw#195,4.0
2509,"2017-09-27 08:59:16.788697",cows_switchtime,gw#195,1020.0
2509,"2017-09-27 08:59:16.788697",std_d18O,gw#195,0.189510743543099
2509,"2017-09-27 08:59:16.788697",std_d2H,gw#195,0.391113970226167
2509,"2017-09-27 08:59:16.788697",std_H2O,gw#195,99.0031988211906
2509,"2017-09-27 08:59:16.788697",mean_H2O,gw#195,19210.2787720657
2509,"2017-09-27 08:59:16.788697",cows_readytime,gw#195,1200.0
2509,"2017-09-27 08:59:16.788697",mean_d18O,gw#195,-29.2638352624452
2509,"2017-09-27 08:59:16.788697",mean_d2H,gw#195,-118.942706319492
2510,"2017-09-27 09:16:18.492905",cows_switchtime,CoWSstd1,1020.0
2510,"2017-09-27 09:16:18.492905",std_d18O,CoWSstd1,0.198205165587057
2510,"2017-09-27 09:16:18.492905",std_d2H,CoWSstd1,0.434168920205962
2510,"2017-09-27 09:16:18.492905",std_H2O,CoWSstd1,118.486072816322
2510,"2017-09-27 09:16:18.492905",mean_H2O,CoWSstd1,19791.7492304537
2510,"2017-09-27 09:16:18.492905",cows_readytime,CoWSstd1,1200.0
2510,"2017-09-27 09:16:18.492905",mean_d18O,CoWSstd1,-19.4147713875345
2510,"2017-09-27 09:16:18.492905",mean_d2H,CoWSstd1,-72.6593991130917
2511,"2017-09-27 09:37:43.678292",flushspeed,str#176,2.19435814665218
2511,"2017-09-27 09:37:43.678292",samplevol,str#176,71.1301193237305
2511,"2017-09-27 09:37:43.678292",sourceid,str#176,2.0
2511,"2017-09-27 09:37:43.678292",cows_switchtime,str#176,1020.0
2511,"2017-09-27 09:37:43.678292",std_d18O,str#176,0.183155590764819
2511,"2017-09-27 09:37:43.678292",std_d2H,str#176,0.369869629654804
2511,"2017-09-27 09:37:43.678292",std_H2O,str#176,100.967368595488
2511,"2017-09-27 09:37:43.678292",mean_H2O,str#176,19553.8481299163
2511,"2017-09-27 09:37:43.678292",cows_readytime,str#176,1200.0
2511,"2017-09-27 09:37:43.678292",mean_d18O,str#176,-29.437417230904
2511,"2017-09-27 09:37:43.678292",mean_d2H,str#176,-119.773665054865
2513,"2017-09-27 10:01:49.229446",flushspeed,gw#233,1.881397142615
2513,"2017-09-27 10:01:49.229446",samplevol,gw#233,69.8506317138672
2513,"2017-09-27 10:01:49.229446",sourceid,gw#233,8.0
2513,"2017-09-27 10:01:49.229446",cows_switchtime,gw#233,1020.0
2513,"2017-09-27 10:01:49.229446",std_d18O,gw#233,0.178406934662072
2513,"2017-09-27 10:01:49.229446",std_d2H,gw#233,0.369144340733973
2513,"2017-09-27 10:01:49.229446",std_H2O,gw#233,64.5760568451165
2513,"2017-09-27 10:01:49.229446",mean_H2O,gw#233,19666.3490360489
2513,"2017-09-27 10:01:49.229446",cows_readytime,gw#233,1200.0
2513,"2017-09-27 10:01:49.229446",mean_d18O,gw#233,-29.3780409585016
2513,"2017-09-27 10:01:49.229446",mean_d2H,gw#233,-119.264168218341
2514,"2017-09-27 10:23:24.609925",flushspeed,str#226,1.67864197978598
2514,"2017-09-27 10:23:24.609925",samplevol,str#226,64.4799957275391
2514,"2017-09-27 10:23:24.609925",sourceid,str#226,3.0
2514,"2017-09-27 10:23:24.609925",cows_switchtime,str#226,1020.0
2514,"2017-09-27 10:23:24.609925",std_d18O,str#226,0.165500277711398
2514,"2017-09-27 10:23:24.609925",std_d2H,str#226,0.37716401302934
2514,"2017-09-27 10:23:24.609925",std_H2O,str#226,120.890764789819
2514,"2017-09-27 10:23:24.609925",mean_H2O,str#226,19630.8317745802
2514,"2017-09-27 10:23:24.609925",cows_readytime,str#226,1200.0
2514,"2017-09-27 10:23:24.609925",mean_d18O,str#226,-29.4597290296117
2514,"2017-09-27 10:23:24.609925",mean_d2H,str#226,-120.183298859676
2516,"2017-09-27 10:42:51.500689",cows_switchtime,CoWSstd2,1020.0
2516,"2017-09-27 10:42:51.500689",std_d18O,CoWSstd2,0.180386939694078
2516,"2017-09-27 10:42:51.500689",std_d2H,CoWSstd2,0.392428205339939
2516,"2017-09-27 10:42:51.500689",std_H2O,CoWSstd2,31.0661279762521
2516,"2017-09-27 10:42:51.500689",mean_H2O,CoWSstd2,19550.3461556691
2516,"2017-09-27 10:42:51.500689",cows_readytime,CoWSstd2,1200.0
2516,"2017-09-27 10:42:51.500689",mean_d18O,CoWSstd2,-40.1994429392787
2516,"2017-09-27 10:42:51.500689",mean_d2H,CoWSstd2,-201.488255690357
2518,"2017-09-27 11:07:33.726816",flushspeed,str#176,1.86943049630111
2518,"2017-09-27 11:07:33.726816",samplevol,str#176,56.1876029968262
2518,"2017-09-27 11:07:33.726816",sourceid,str#176,2.0
2518,"2017-09-27 11:07:33.726816",cows_switchtime,str#176,1020.0
2518,"2017-09-27 11:07:33.726816",std_d18O,str#176,0.17880290777712
2518,"2017-09-27 11:07:33.726816",std_d2H,str#176,0.368333653944477
2518,"2017-09-27 11:07:33.726816",std_H2O,str#176,40.8241109827095
2518,"2017-09-27 11:07:33.726816",mean_H2O,str#176,19539.1593078132
2518,"2017-09-27 11:07:33.726816",cows_readytime,str#176,1200.0
2518,"2017-09-27 11:07:33.726816",mean_d18O,str#176,-29.6155714111096
2518,"2017-09-27 11:07:33.726816",mean_d2H,str#176,-121.155437705516
2519,"2017-09-27 11:30:16.424825",flushspeed,str#226,1.60600229273083
2519,"2017-09-27 11:30:16.424825",samplevol,str#226,58.5885696411133
2519,"2017-09-27 11:30:16.424825",sourceid,str#226,3.0
2520,"2017-09-27 11:49:43.121755",flushspeed,gw#195,1.33217340027565
2520,"2017-09-27 11:49:43.121755",samplevol,gw#195,58.226634979248
2519,"2017-09-27 11:30:16.424825",cows_switchtime,str#226,1020.0
2519,"2017-09-27 11:30:16.424825",std_d18O,str#226,0.192275296631575
2519,"2017-09-27 11:30:16.424825",std_d2H,str#226,0.416200191269195
2519,"2017-09-27 11:30:16.424825",std_H2O,str#226,80.8974425241701
2519,"2017-09-27 11:30:16.424825",mean_H2O,str#226,19529.4252794131
2519,"2017-09-27 11:30:16.424825",cows_readytime,str#226,1200.0
2519,"2017-09-27 11:30:16.424825",mean_d18O,str#226,-29.6560146134099
2519,"2017-09-27 11:30:16.424825",mean_d2H,str#226,-120.897450818585
2520,"2017-09-27 11:49:43.121755",sourceid,gw#195,4.0
2520,"2017-09-27 11:49:43.121755",cows_switchtime,gw#195,1020.0
2520,"2017-09-27 11:49:43.121755",std_d18O,gw#195,0.204181337756897
2520,"2017-09-27 11:49:43.121755",std_d2H,gw#195,0.332357078572615
2520,"2017-09-27 11:49:43.121755",std_H2O,gw#195,25.881485446068
2520,"2017-09-27 11:49:43.121755",mean_H2O,gw#195,19233.0519925814
2520,"2017-09-27 11:49:43.121755",cows_readytime,gw#195,1200.0
2520,"2017-09-27 11:49:43.121755",mean_d18O,gw#195,-29.2888083377163
2520,"2017-09-27 11:49:43.121755",mean_d2H,gw#195,-119.088940224191
2521,"2017-09-27 12:06:45.215932",cows_switchtime,CoWSstd1,1020.0
2521,"2017-09-27 12:06:45.215932",std_d18O,CoWSstd1,0.189531607486708
2521,"2017-09-27 12:06:45.215932",std_d2H,CoWSstd1,0.427676730293818
2521,"2017-09-27 12:06:45.215932",std_H2O,CoWSstd1,75.4296867438262
2521,"2017-09-27 12:06:45.215932",mean_H2O,CoWSstd1,19461.9074744696
2521,"2017-09-27 12:06:45.215932",cows_readytime,CoWSstd1,1200.0
2521,"2017-09-27 12:06:45.215932",mean_d18O,CoWSstd1,-19.4150300617711
2521,"2017-09-27 12:06:45.215932",mean_d2H,CoWSstd1,-72.7103717923524
2523,"2017-09-27 12:29:01.533479",flushspeed,str#176,2.47248075596914
2523,"2017-09-27 12:29:01.533479",samplevol,str#176,69.3333053588867
2523,"2017-09-27 12:29:01.533479",sourceid,str#176,2.0
2523,"2017-09-27 12:29:01.533479",cows_switchtime,str#176,1020.0
2523,"2017-09-27 12:29:01.533479",std_d18O,str#176,0.195769605395607
2523,"2017-09-27 12:29:01.533479",std_d2H,str#176,0.346829713385725
2523,"2017-09-27 12:29:01.533479",std_H2O,str#176,35.4392588846451
2523,"2017-09-27 12:29:01.533479",mean_H2O,str#176,19546.1955663494
2523,"2017-09-27 12:29:01.533479",cows_readytime,str#176,1200.0
2523,"2017-09-27 12:29:01.533479",mean_d18O,str#176,-29.6217900894663
2523,"2017-09-27 12:29:01.533479",mean_d2H,str#176,-119.924153260224
2524,"2017-09-27 12:50:43.472120",flushspeed,gw#233,2.24799125454545
2524,"2017-09-27 12:50:43.472120",samplevol,gw#233,75.6134338378906
2524,"2017-09-27 12:50:43.472120",sourceid,gw#233,8.0
2524,"2017-09-27 12:50:43.472120",cows_switchtime,gw#233,1020.0
2524,"2017-09-27 12:50:43.472120",std_d18O,gw#233,0.189745163027406
2524,"2017-09-27 12:50:43.472120",std_d2H,gw#233,0.366633917407015
2524,"2017-09-27 12:50:43.472120",std_H2O,gw#233,84.3664538393673
2524,"2017-09-27 12:50:43.472120",mean_H2O,gw#233,19531.8679847245
2524,"2017-09-27 12:50:43.472120",cows_readytime,gw#233,1200.0
2524,"2017-09-27 12:50:43.472120",mean_d18O,gw#233,-29.4975822322548
2524,"2017-09-27 12:50:43.472120",mean_d2H,gw#233,-119.56237537077
2525,"2017-09-27 13:11:25.461800",flushspeed,str#226,1.62271059854025
2525,"2017-09-27 13:11:25.461800",samplevol,str#226,58.0054130554199
2525,"2017-09-27 13:11:25.461800",sourceid,str#226,3.0
2525,"2017-09-27 13:11:25.461800",cows_switchtime,str#226,1020.0
2525,"2017-09-27 13:11:25.461800",std_d18O,str#226,0.171985619941162
2525,"2017-09-27 13:11:25.461800",std_d2H,str#226,0.385627853871359
2525,"2017-09-27 13:11:25.461800",std_H2O,str#226,15.6972275583108
2525,"2017-09-27 13:11:25.461800",mean_H2O,str#226,19216.0412853596
2525,"2017-09-27 13:11:25.461800",cows_readytime,str#226,1200.0
2525,"2017-09-27 13:11:25.461800",mean_d18O,str#226,-29.6757145686084
2525,"2017-09-27 13:11:25.461800",mean_d2H,str#226,-120.649458778398
2527,"2017-09-27 13:31:02.382230",cows_switchtime,CoWSstd2,1020.0
2527,"2017-09-27 13:31:02.382230",std_d18O,CoWSstd2,0.167108127051536
2527,"2017-09-27 13:31:02.382230",std_d2H,CoWSstd2,0.379046091417691
2527,"2017-09-27 13:31:02.382230",std_H2O,CoWSstd2,40.1603114489452
2527,"2017-09-27 13:31:02.382230",mean_H2O,CoWSstd2,19287.4894308845
2527,"2017-09-27 13:31:02.382230",cows_readytime,CoWSstd2,1200.0
2527,"2017-09-27 13:31:02.382230",mean_d18O,CoWSstd2,-40.4574900346566
2527,"2017-09-27 13:31:02.382230",mean_d2H,CoWSstd2,-202.491194984961
2529,"2017-09-27 13:53:17.000487",flushspeed,str#176,1.98166019616049
2529,"2017-09-27 13:53:17.000487",samplevol,str#176,56.3683242797852
2529,"2017-09-27 13:53:17.000487",sourceid,str#176,2.0
2529,"2017-09-27 13:53:17.000487",cows_switchtime,str#176,1020.0
2529,"2017-09-27 13:53:17.000487",std_d18O,str#176,0.193151461731197
2529,"2017-09-27 13:53:17.000487",std_d2H,str#176,0.355003190406697
2529,"2017-09-27 13:53:17.000487",std_H2O,str#176,34.0020206188538
2529,"2017-09-27 13:53:17.000487",mean_H2O,str#176,19611.3933589702
2529,"2017-09-27 13:53:17.000487",cows_readytime,str#176,1200.0
2529,"2017-09-27 13:53:17.000487",mean_d18O,str#176,-29.6981828669508
2529,"2017-09-27 13:53:17.000487",mean_d2H,str#176,-121.398796191014
2530,"2017-09-27 14:16:07.508712",flushspeed,str#226,1.58694155887629
2530,"2017-09-27 14:16:07.508712",samplevol,str#226,60.544994354248
2530,"2017-09-27 14:16:07.508712",sourceid,str#226,3.0
2531,"2017-09-27 14:35:35.085936",flushspeed,gw#195,1.47575682032998
2531,"2017-09-27 14:35:35.085936",samplevol,gw#195,64.6366729736328
2530,"2017-09-27 14:16:07.508712",cows_switchtime,str#226,1020.0
2530,"2017-09-27 14:16:07.508712",std_d18O,str#226,0.188730653551173
2530,"2017-09-27 14:16:07.508712",std_d2H,str#226,0.377161808022515
2530,"2017-09-27 14:16:07.508712",std_H2O,str#226,30.4710079007558
2530,"2017-09-27 14:16:07.508712",mean_H2O,str#226,19475.3823512633
2530,"2017-09-27 14:16:07.508712",cows_readytime,str#226,1200.0
2530,"2017-09-27 14:16:07.508712",mean_d18O,str#226,-29.7303815160282
2530,"2017-09-27 14:16:07.508712",mean_d2H,str#226,-120.830199360547
2531,"2017-09-27 14:35:35.085936",sourceid,gw#195,4.0
2531,"2017-09-27 14:35:35.085936",cows_switchtime,gw#195,1020.0
2531,"2017-09-27 14:35:35.085936",std_d18O,gw#195,0.203060610951945
2531,"2017-09-27 14:35:35.085936",std_d2H,gw#195,0.399045364073231
2531,"2017-09-27 14:35:35.085936",std_H2O,gw#195,144.198419458804
2531,"2017-09-27 14:35:35.085936",mean_H2O,gw#195,19113.7058493925
2531,"2017-09-27 14:35:35.085936",cows_readytime,gw#195,1200.0
2531,"2017-09-27 14:35:35.085936",mean_d18O,gw#195,-29.4608179617346
2531,"2017-09-27 14:35:35.085936",mean_d2H,gw#195,-119.208053757243
2532,"2017-09-27 14:52:37.086808",cows_switchtime,CoWSstd1,1020.0
2532,"2017-09-27 14:52:37.086808",std_d18O,CoWSstd1,0.181103839045371
2532,"2017-09-27 14:52:37.086808",std_d2H,CoWSstd1,0.478160519705128
2532,"2017-09-27 14:52:37.086808",std_H2O,CoWSstd1,109.296590013716
2532,"2017-09-27 14:52:37.086808",mean_H2O,CoWSstd1,19482.5444870316
2532,"2017-09-27 14:52:37.086808",cows_readytime,CoWSstd1,1200.0
2532,"2017-09-27 14:52:37.086808",mean_d18O,CoWSstd1,-19.3476016421749
2532,"2017-09-27 14:52:37.086808",mean_d2H,CoWSstd1,-72.2240036375818
2534,"2017-09-27 15:15:13.153516",flushspeed,str#176,3.08672004437696
2534,"2017-09-27 15:15:13.153516",samplevol,str#176,66.6916732788086
2534,"2017-09-27 15:15:13.153516",sourceid,str#176,2.0
2534,"2017-09-27 15:15:13.153516",cows_switchtime,str#176,1020.0
2534,"2017-09-27 15:15:13.153516",std_d18O,str#176,0.203902107947831
2534,"2017-09-27 15:15:13.153516",std_d2H,str#176,0.395240022717174
2534,"2017-09-27 15:15:13.153516",std_H2O,str#176,23.7499457703507
2534,"2017-09-27 15:15:13.153516",mean_H2O,str#176,19199.8719508855
2534,"2017-09-27 15:15:13.153516",cows_readytime,str#176,1200.0
2534,"2017-09-27 15:15:13.153516",mean_d18O,str#176,-29.6729983776628
2534,"2017-09-27 15:15:13.153516",mean_d2H,str#176,-119.854711176404
2535,"2017-09-27 15:36:58.052884",flushspeed,gw#233,1.82214070495114
2535,"2017-09-27 15:36:58.052884",samplevol,gw#233,61.7395935058594
2535,"2017-09-27 15:36:58.052884",sourceid,gw#233,8.0
2535,"2017-09-27 15:36:58.052884",cows_switchtime,gw#233,1020.0
2535,"2017-09-27 15:36:58.052884",std_d18O,gw#233,0.198979732418341
2535,"2017-09-27 15:36:58.052884",std_d2H,gw#233,0.369246186048426
2535,"2017-09-27 15:36:58.052884",std_H2O,gw#233,83.325935443837
2535,"2017-09-27 15:36:58.052884",mean_H2O,gw#233,19186.329316588
2535,"2017-09-27 15:36:58.052884",cows_readytime,gw#233,1200.0
2535,"2017-09-27 15:36:58.052884",mean_d18O,gw#233,-29.7302884065085
2535,"2017-09-27 15:36:58.052884",mean_d2H,gw#233,-120.042524865395
2536,"2017-09-27 15:58:21.172711",flushspeed,str#226,1.78641903876065
2536,"2017-09-27 15:58:21.172711",samplevol,str#226,69.9793930053711
2536,"2017-09-27 15:58:21.172711",sourceid,str#226,3.0
2536,"2017-09-27 15:58:21.172711",cows_switchtime,str#226,1020.0
2536,"2017-09-27 15:58:21.172711",std_d18O,str#226,0.191653304380072
2536,"2017-09-27 15:58:21.172711",std_d2H,str#226,0.36238841438672
2536,"2017-09-27 15:58:21.172711",std_H2O,str#226,73.0769464017115
2536,"2017-09-27 15:58:21.172711",mean_H2O,str#226,19375.7708615447
2536,"2017-09-27 15:58:21.172711",cows_readytime,str#226,1200.0
2536,"2017-09-27 15:58:21.172711",mean_d18O,str#226,-29.8437817670334
2536,"2017-09-27 15:58:21.172711",mean_d2H,str#226,-120.905237604672
2538,"2017-09-27 16:17:49.641129",cows_switchtime,CoWSstd2,1020.0
2538,"2017-09-27 16:17:49.641129",std_d18O,CoWSstd2,0.195344111511497
2538,"2017-09-27 16:17:49.641129",std_d2H,CoWSstd2,0.474300724087375
2538,"2017-09-27 16:17:49.641129",std_H2O,CoWSstd2,44.858378729242
2538,"2017-09-27 16:17:49.641129",mean_H2O,CoWSstd2,19546.3179782677
2538,"2017-09-27 16:17:49.641129",cows_readytime,CoWSstd2,1200.0
2538,"2017-09-27 16:17:49.641129",mean_d18O,CoWSstd2,-40.53648600152
2538,"2017-09-27 16:17:49.641129",mean_d2H,CoWSstd2,-202.624596682072
2540,"2017-09-27 16:39:52.510067",flushspeed,str#176,3.15326528029661
2540,"2017-09-27 16:39:52.510067",samplevol,str#176,68.7064971923828
2540,"2017-09-27 16:39:52.510067",sourceid,str#176,2.0
2540,"2017-09-27 16:39:52.510067",cows_switchtime,str#176,1020.0
2540,"2017-09-27 16:39:52.510067",std_d18O,str#176,0.181965784993787
2540,"2017-09-27 16:39:52.510067",std_d2H,str#176,0.348360821990001
2540,"2017-09-27 16:39:52.510067",std_H2O,str#176,96.6059794307004
2540,"2017-09-27 16:39:52.510067",mean_H2O,str#176,19636.873947151
2540,"2017-09-27 16:39:52.510067",cows_readytime,str#176,1200.0
2540,"2017-09-27 16:39:52.510067",mean_d18O,str#176,-29.6828001385545
2540,"2017-09-27 16:39:52.510067",mean_d2H,str#176,-121.382233682733
2541,"2017-09-27 17:03:07.192530",flushspeed,str#226,1.55410280652866
2541,"2017-09-27 17:03:07.192530",samplevol,str#226,64.658447265625
2541,"2017-09-27 17:03:07.192530",sourceid,str#226,3.0
2542,"2017-09-27 17:22:42.025304",flushspeed,gw#195,1.61007580729578
2542,"2017-09-27 17:22:42.025304",samplevol,gw#195,71.3070373535156
2541,"2017-09-27 17:03:07.192530",cows_switchtime,str#226,1020.0
2541,"2017-09-27 17:03:07.192530",std_d18O,str#226,0.192585488312265
2541,"2017-09-27 17:03:07.192530",std_d2H,str#226,0.386728316406319
2541,"2017-09-27 17:03:07.192530",std_H2O,str#226,49.2159115177786
2541,"2017-09-27 17:03:07.192530",mean_H2O,str#226,19440.3634223013
2541,"2017-09-27 17:03:07.192530",cows_readytime,str#226,1200.0
2541,"2017-09-27 17:03:07.192530",mean_d18O,str#226,-29.6992711584411
2541,"2017-09-27 17:03:07.192530",mean_d2H,str#226,-120.886169170602
2542,"2017-09-27 17:22:42.025304",sourceid,gw#195,4.0
2542,"2017-09-27 17:22:42.025304",cows_switchtime,gw#195,1020.0
2542,"2017-09-27 17:22:42.025304",std_d18O,gw#195,0.187252679626688
2542,"2017-09-27 17:22:42.025304",std_d2H,gw#195,0.355351425126186
2542,"2017-09-27 17:22:42.025304",std_H2O,gw#195,66.7498605731026
2542,"2017-09-27 17:22:42.025304",mean_H2O,gw#195,19175.1645284953
2542,"2017-09-27 17:22:42.025304",cows_readytime,gw#195,1200.0
2542,"2017-09-27 17:22:42.025304",mean_d18O,gw#195,-29.3415698451486
2542,"2017-09-27 17:22:42.025304",mean_d2H,gw#195,-118.893929578762
2543,"2017-09-27 17:39:43.886604",cows_switchtime,CoWSstd1,1020.0
2543,"2017-09-27 17:39:43.886604",std_d18O,CoWSstd1,0.20297968045638
2543,"2017-09-27 17:39:43.886604",std_d2H,CoWSstd1,0.381194114771672
2543,"2017-09-27 17:39:43.886604",std_H2O,CoWSstd1,56.2290254758301
2543,"2017-09-27 17:39:43.886604",mean_H2O,CoWSstd1,19554.4055029926
2543,"2017-09-27 17:39:43.886604",cows_readytime,CoWSstd1,1200.0
2543,"2017-09-27 17:39:43.886604",mean_d18O,CoWSstd1,-19.3804247366883
2543,"2017-09-27 17:39:43.886604",mean_d2H,CoWSstd1,-72.7549791189489
2545,"2017-09-27 18:02:21.950175",flushspeed,str#176,3.19603237848468
2545,"2017-09-27 18:02:21.950175",samplevol,str#176,69.5936050415039
2545,"2017-09-27 18:02:21.950175",sourceid,str#176,2.0
2545,"2017-09-27 18:02:21.950175",cows_switchtime,str#176,1020.0
2545,"2017-09-27 18:02:21.950175",std_d18O,str#176,0.186035158381806
2545,"2017-09-27 18:02:21.950175",std_d2H,str#176,0.346371436060367
2545,"2017-09-27 18:02:21.950175",std_H2O,str#176,54.0822008772642
2545,"2017-09-27 18:02:21.950175",mean_H2O,str#176,19491.0686479545
2545,"2017-09-27 18:02:21.950175",cows_readytime,str#176,1200.0
2545,"2017-09-27 18:02:21.950175",mean_d18O,str#176,-29.5551242878068
2545,"2017-09-27 18:02:21.950175",mean_d2H,str#176,-120.003046966011
2546,"2017-09-27 18:24:24.268849",flushspeed,gw#233,1.88232867611263
2546,"2017-09-27 18:24:24.268849",samplevol,gw#233,69.205696105957
2546,"2017-09-27 18:24:24.268849",sourceid,gw#233,8.0
2546,"2017-09-27 18:24:24.268849",cows_switchtime,gw#233,1020.0
2546,"2017-09-27 18:24:24.268849",std_d18O,gw#233,0.184080862812584
2546,"2017-09-27 18:24:24.268849",std_d2H,gw#233,0.353992146178518
2546,"2017-09-27 18:24:24.268849",std_H2O,gw#233,28.3298215712584
2546,"2017-09-27 18:24:24.268849",mean_H2O,gw#233,19414.9296837081
2546,"2017-09-27 18:24:24.268849",cows_readytime,gw#233,1200.0
2546,"2017-09-27 18:24:24.268849",mean_d18O,gw#233,-29.4613521690262
2546,"2017-09-27 18:24:24.268849",mean_d2H,gw#233,-119.526543467915
2547,"2017-09-27 18:45:36.117483",flushspeed,str#226,1.79432782317799
2547,"2017-09-27 18:45:36.117483",samplevol,str#226,75.1715698242187
2547,"2017-09-27 18:45:36.117483",sourceid,str#226,3.0
2547,"2017-09-27 18:45:36.117483",cows_switchtime,str#226,1020.0
2547,"2017-09-27 18:45:36.117483",std_d18O,str#226,0.186308080972241
2547,"2017-09-27 18:45:36.117483",std_d2H,str#226,0.376146918454097
2547,"2017-09-27 18:45:36.117483",std_H2O,str#226,17.7562340267943
2547,"2017-09-27 18:45:36.117483",mean_H2O,str#226,19470.3054174787
2547,"2017-09-27 18:45:36.117483",cows_readytime,str#226,1200.0
2547,"2017-09-27 18:45:36.117483",mean_d18O,str#226,-29.5922999563664
2547,"2017-09-27 18:45:36.117483",mean_d2H,str#226,-120.806572488661
2550,"2017-09-27 19:07:52.688910",cows_switchtime,CoWSstd2,1020.0
2550,"2017-09-27 19:07:52.688910",std_d18O,CoWSstd2,0.194760485072498
2550,"2017-09-27 19:07:52.688910",std_d2H,CoWSstd2,0.42645377917667
2550,"2017-09-27 19:07:52.688910",std_H2O,CoWSstd2,68.5784832067217
2550,"2017-09-27 19:07:52.688910",mean_H2O,CoWSstd2,19601.7258306119
2550,"2017-09-27 19:07:52.688910",cows_readytime,CoWSstd2,1200.0
2550,"2017-09-27 19:07:52.688910",mean_d18O,CoWSstd2,-40.3019506415457
2550,"2017-09-27 19:07:52.688910",mean_d2H,CoWSstd2,-201.519833974993
2551,"2017-09-27 19:31:12.566881",flushspeed,str#176,2.9665482420389
2551,"2017-09-27 19:31:12.566881",samplevol,str#176,74.0806427001953
2551,"2017-09-27 19:31:12.566881",sourceid,str#176,2.0
2551,"2017-09-27 19:31:12.566881",cows_switchtime,str#176,1020.0
2551,"2017-09-27 19:31:12.566881",std_d18O,str#176,0.177110258684965
2551,"2017-09-27 19:31:12.566881",std_d2H,str#176,0.370371192688274
2551,"2017-09-27 19:31:12.566881",std_H2O,str#176,63.0683859536292
2551,"2017-09-27 19:31:12.566881",mean_H2O,str#176,19585.1059681564
2551,"2017-09-27 19:31:12.566881",cows_readytime,str#176,1200.0
2551,"2017-09-27 19:31:12.566881",mean_d18O,str#176,-29.6074174832908
2551,"2017-09-27 19:31:12.566881",mean_d2H,str#176,-121.401447787884
2552,"2017-09-27 19:54:25.709527",flushspeed,str#226,1.40438009678632
2552,"2017-09-27 19:54:25.709527",samplevol,str#226,61.0905342102051
2552,"2017-09-27 19:54:25.709527",sourceid,str#226,3.0
2553,"2017-09-27 20:14:03.526242",flushspeed,gw#195,1.29117620262802
2553,"2017-09-27 20:14:03.526242",samplevol,gw#195,61.4548225402832
2552,"2017-09-27 19:54:25.709527",cows_switchtime,str#226,1020.0
2552,"2017-09-27 19:54:25.709527",std_d18O,str#226,0.181707210280436
2552,"2017-09-27 19:54:25.709527",std_d2H,str#226,0.338498347617858
2552,"2017-09-27 19:54:25.709527",std_H2O,str#226,33.7216719110075
2552,"2017-09-27 19:54:25.709527",mean_H2O,str#226,19847.2809976495
2552,"2017-09-27 19:54:25.709527",cows_readytime,str#226,1200.0
2552,"2017-09-27 19:54:25.709527",mean_d18O,str#226,-29.569475873783
2552,"2017-09-27 19:54:25.709527",mean_d2H,str#226,-121.121456434395
2553,"2017-09-27 20:14:03.526242",sourceid,gw#195,4.0
2553,"2017-09-27 20:14:03.526242",cows_switchtime,gw#195,1020.0
2553,"2017-09-27 20:14:03.526242",std_d18O,gw#195,0.167223114990737
2553,"2017-09-27 20:14:03.526242",std_d2H,gw#195,0.328332570671482
2553,"2017-09-27 20:14:03.526242",std_H2O,gw#195,63.617004853669
2553,"2017-09-27 20:14:03.526242",mean_H2O,gw#195,19707.3617925968
2553,"2017-09-27 20:14:03.526242",cows_readytime,gw#195,1200.0
2553,"2017-09-27 20:14:03.526242",mean_d18O,gw#195,-29.3286375890306
2553,"2017-09-27 20:14:03.526242",mean_d2H,gw#195,-118.889794984801
2555,"2017-09-27 20:33:33.736867",cows_switchtime,CoWSstd1,1020.0
2555,"2017-09-27 20:33:33.736867",std_d18O,CoWSstd1,0.203315569645884
2555,"2017-09-27 20:33:33.736867",std_d2H,CoWSstd1,0.391081813634508
2555,"2017-09-27 20:33:33.736867",std_H2O,CoWSstd1,76.2041491418533
2555,"2017-09-27 20:33:33.736867",mean_H2O,CoWSstd1,19613.8190966784
2555,"2017-09-27 20:33:33.736867",cows_readytime,CoWSstd1,1200.0
2555,"2017-09-27 20:33:33.736867",mean_d18O,CoWSstd1,-19.3939414442136
2555,"2017-09-27 20:33:33.736867",mean_d2H,CoWSstd1,-73.2890122309359
2556,"2017-09-27 20:56:38.311295",flushspeed,str#176,3.94967326824609
2556,"2017-09-27 20:56:38.311295",samplevol,str#176,72.9425659179687
2556,"2017-09-27 20:56:38.311295",sourceid,str#176,2.0
2556,"2017-09-27 20:56:38.311295",cows_switchtime,str#176,1020.0
2556,"2017-09-27 20:56:38.311295",std_d18O,str#176,0.22263474627212
2556,"2017-09-27 20:56:38.311295",std_d2H,str#176,0.373503157422898
2556,"2017-09-27 20:56:38.311295",std_H2O,str#176,90.2461858403286
2556,"2017-09-27 20:56:38.311295",mean_H2O,str#176,19730.2701621814
2556,"2017-09-27 20:56:38.311295",cows_readytime,str#176,1200.0
2556,"2017-09-27 20:56:38.311295",mean_d18O,str#176,-29.4302971441097
2556,"2017-09-27 20:56:38.311295",mean_d2H,str#176,-119.785840215652
2557,"2017-09-27 21:18:45.236357",flushspeed,gw#233,1.95589234372966
2557,"2017-09-27 21:18:45.236357",samplevol,gw#233,67.6191101074219
2557,"2017-09-27 21:18:45.236357",sourceid,gw#233,8.0
2557,"2017-09-27 21:18:45.236357",cows_switchtime,gw#233,1020.0
2557,"2017-09-27 21:18:45.236357",std_d18O,gw#233,0.175595280569777
2557,"2017-09-27 21:18:45.236357",std_d2H,gw#233,0.370810224785816
2557,"2017-09-27 21:18:45.236357",std_H2O,gw#233,68.3969557896793
2557,"2017-09-27 21:18:45.236357",mean_H2O,gw#233,19696.1519250991
2557,"2017-09-27 21:18:45.236357",cows_readytime,gw#233,1200.0
2557,"2017-09-27 21:18:45.236357",mean_d18O,gw#233,-29.3440862200944
2557,"2017-09-27 21:18:45.236357",mean_d2H,gw#233,-119.59514737011
2558,"2017-09-27 21:40:03.812033",flushspeed,str#226,1.49268772060183
2558,"2017-09-27 21:40:03.812033",samplevol,str#226,64.3273773193359
2558,"2017-09-27 21:40:03.812033",sourceid,str#226,3.0
2558,"2017-09-27 21:40:03.812033",cows_switchtime,str#226,1020.0
2558,"2017-09-27 21:40:03.812033",std_d18O,str#226,0.187050637445327
2558,"2017-09-27 21:40:03.812033",std_d2H,str#226,0.353571806758667
2558,"2017-09-27 21:40:03.812033",std_H2O,str#226,80.0537278396963
2558,"2017-09-27 21:40:03.812033",mean_H2O,str#226,19865.1700492397
2558,"2017-09-27 21:40:03.812033",cows_readytime,str#226,1200.0
2558,"2017-09-27 21:40:03.812033",mean_d18O,str#226,-29.5410385929258
2558,"2017-09-27 21:40:03.812033",mean_d2H,str#226,-120.60752505216
2561,"2017-09-27 22:04:23.286430",cows_switchtime,CoWSstd2,1020.0
2561,"2017-09-27 22:04:23.286430",std_d18O,CoWSstd2,0.192503894431602
2561,"2017-09-27 22:04:23.286430",std_d2H,CoWSstd2,0.447048491452211
2561,"2017-09-27 22:04:23.286430",std_H2O,CoWSstd2,35.9387097662694
2561,"2017-09-27 22:04:23.286430",mean_H2O,CoWSstd2,19830.6761454183
2561,"2017-09-27 22:04:23.286430",cows_readytime,CoWSstd2,1200.0
2561,"2017-09-27 22:04:23.286430",mean_d18O,CoWSstd2,-40.1227889378036
2561,"2017-09-27 22:04:23.286430",mean_d2H,CoWSstd2,-201.005880912535
2562,"2017-09-27 22:27:43.005742",flushspeed,str#176,2.61727130946828
2562,"2017-09-27 22:27:43.005742",samplevol,str#176,65.7589416503906
2562,"2017-09-27 22:27:43.005742",sourceid,str#176,2.0
2562,"2017-09-27 22:27:43.005742",cows_switchtime,str#176,1020.0
2562,"2017-09-27 22:27:43.005742",std_d18O,str#176,0.205375791538094
2562,"2017-09-27 22:27:43.005742",std_d2H,str#176,0.425692501482515
2562,"2017-09-27 22:27:43.005742",std_H2O,str#176,56.0501600001709
2562,"2017-09-27 22:27:43.005742",mean_H2O,str#176,19668.1835365581
2562,"2017-09-27 22:27:43.005742",cows_readytime,str#176,1200.0
2562,"2017-09-27 22:27:43.005742",mean_d18O,str#176,-29.5790000047725
2562,"2017-09-27 22:27:43.005742",mean_d2H,str#176,-121.545630610355
2563,"2017-09-27 22:51:00.101201",flushspeed,str#226,1.34992886145803
2563,"2017-09-27 22:51:00.101201",samplevol,str#226,60.1798286437988
2563,"2017-09-27 22:51:00.101201",sourceid,str#226,3.0
2563,"2017-09-27 22:51:00.101201",cows_switchtime,str#226,1020.0
2563,"2017-09-27 22:51:00.101201",std_d18O,str#226,0.186335330415187
2563,"2017-09-27 22:51:00.101201",std_d2H,str#226,0.355919914361137
2563,"2017-09-27 22:51:00.101201",std_H2O,str#226,18.2353678077609
2563,"2017-09-27 22:51:00.101201",mean_H2O,str#226,19801.7395779152
2563,"2017-09-27 22:51:00.101201",cows_readytime,str#226,1200.0
2563,"2017-09-27 22:51:00.101201",mean_d18O,str#226,-29.5570454228422
2563,"2017-09-27 22:51:00.101201",mean_d2H,str#226,-121.00177973933
2565,"2017-09-27 23:15:44.023322",flushspeed,gw#195,1.42087293859434
2565,"2017-09-27 23:15:44.023322",samplevol,gw#195,73.2417373657227
2565,"2017-09-27 23:15:44.023322",sourceid,gw#195,4.0
2565,"2017-09-27 23:15:44.023322",cows_switchtime,gw#195,1020.0
2565,"2017-09-27 23:15:44.023322",std_d18O,gw#195,0.180071429295772
2565,"2017-09-27 23:15:44.023322",std_d2H,gw#195,0.433856338880505
2565,"2017-09-27 23:15:44.023322",std_H2O,gw#195,88.6655002664297
2565,"2017-09-27 23:15:44.023322",mean_H2O,gw#195,19497.3592359534
2565,"2017-09-27 23:15:44.023322",cows_readytime,gw#195,1200.0
2565,"2017-09-27 23:15:44.023322",mean_d18O,gw#195,-29.2602983851101
2565,"2017-09-27 23:15:44.023322",mean_d2H,gw#195,-119.014584464736
2566,"2017-09-27 23:32:46.565594",cows_switchtime,CoWSstd1,1020.0
2566,"2017-09-27 23:32:46.565594",std_d18O,CoWSstd1,0.214839677741699
2566,"2017-09-27 23:32:46.565594",std_d2H,CoWSstd1,0.395591925286367
2566,"2017-09-27 23:32:46.565594",std_H2O,CoWSstd1,58.6446814898615
2566,"2017-09-27 23:32:46.565594",mean_H2O,CoWSstd1,19735.1787613041
2566,"2017-09-27 23:32:46.565594",cows_readytime,CoWSstd1,1200.0
2566,"2017-09-27 23:32:46.565594",mean_d18O,CoWSstd1,-19.3714614588811
2566,"2017-09-27 23:32:46.565594",mean_d2H,CoWSstd1,-73.324780427605
2567,"2017-09-27 23:54:20.029024",flushspeed,str#176,3.10017365784071
2567,"2017-09-27 23:54:20.029024",samplevol,str#176,71.3566970825195
2567,"2017-09-27 23:54:20.029024",sourceid,str#176,2.0
2567,"2017-09-27 23:54:20.029024",cows_switchtime,str#176,1020.0
2567,"2017-09-27 23:54:20.029024",std_d18O,str#176,0.185168827761974
2567,"2017-09-27 23:54:20.029024",std_d2H,str#176,0.374109867051165
2567,"2017-09-27 23:54:20.029024",std_H2O,str#176,16.4431725062317
2567,"2017-09-27 23:54:20.029024",mean_H2O,str#176,19805.3232554606
2567,"2017-09-27 23:54:20.029024",cows_readytime,str#176,1200.0
2567,"2017-09-27 23:54:20.029024",mean_d18O,str#176,-29.4293769264415
2567,"2017-09-27 23:54:20.029024",mean_d2H,str#176,-119.852383519025
2568,"2017-09-28 00:15:48.770904",flushspeed,gw#233,1.76510124335653
2568,"2017-09-28 00:15:48.770904",samplevol,gw#233,67.7975387573242
2568,"2017-09-28 00:15:48.770904",sourceid,gw#233,8.0
2568,"2017-09-28 00:15:48.770904",cows_switchtime,gw#233,1020.0
2568,"2017-09-28 00:15:48.770904",std_d18O,gw#233,0.18910753081511
2568,"2017-09-28 00:15:48.770904",std_d2H,gw#233,0.427921411465549
2568,"2017-09-28 00:15:48.770904",std_H2O,gw#233,62.5974827219486
2568,"2017-09-28 00:15:48.770904",mean_H2O,gw#233,20006.968159611
2568,"2017-09-28 00:15:48.770904",cows_readytime,gw#233,1200.0
2568,"2017-09-28 00:15:48.770904",mean_d18O,gw#233,-29.376361237237
2568,"2017-09-28 00:15:48.770904",mean_d2H,gw#233,-119.55362947427
2570,"2017-09-28 00:41:14.619161",flushspeed,str#226,1.55768051006116
2570,"2017-09-28 00:41:14.619161",samplevol,str#226,69.78564453125
2570,"2017-09-28 00:41:14.619161",sourceid,str#226,3.0
2570,"2017-09-28 00:41:14.619161",cows_switchtime,str#226,1020.0
2570,"2017-09-28 00:41:14.619161",std_d18O,str#226,0.197397624177977
2570,"2017-09-28 00:41:14.619161",std_d2H,str#226,0.323693536569254
2570,"2017-09-28 00:41:14.619161",std_H2O,str#226,66.4158318905236
2570,"2017-09-28 00:41:14.619161",mean_H2O,str#226,19831.0024965599
2570,"2017-09-28 00:41:14.619161",cows_readytime,str#226,1200.0
2570,"2017-09-28 00:41:14.619161",mean_d18O,str#226,-29.4456478208711
2570,"2017-09-28 00:41:14.619161",mean_d2H,str#226,-120.528910430049
2572,"2017-09-28 01:00:44.103862",cows_switchtime,CoWSstd2,1020.0
2572,"2017-09-28 01:00:44.103862",std_d18O,CoWSstd2,0.176865868978858
2572,"2017-09-28 01:00:44.103862",std_d2H,CoWSstd2,0.429032752204936
2572,"2017-09-28 01:00:44.103862",std_H2O,CoWSstd2,34.3784760786192
2572,"2017-09-28 01:00:44.103862",mean_H2O,CoWSstd2,19832.4432684984
2572,"2017-09-28 01:00:44.103862",cows_readytime,CoWSstd2,1200.0
2572,"2017-09-28 01:00:44.103862",mean_d18O,CoWSstd2,-40.1271514239455
2572,"2017-09-28 01:00:44.103862",mean_d2H,CoWSstd2,-200.728139276624
2573,"2017-09-28 01:23:58.767450",flushspeed,str#176,2.46588611633837
2573,"2017-09-28 01:23:58.767450",samplevol,str#176,60.5818901062012
2573,"2017-09-28 01:23:58.767450",sourceid,str#176,2.0
2573,"2017-09-28 01:23:58.767450",cows_switchtime,str#176,1020.0
2573,"2017-09-28 01:23:58.767450",std_d18O,str#176,0.174297364976661
2573,"2017-09-28 01:23:58.767450",std_d2H,str#176,0.404676840166966
2573,"2017-09-28 01:23:58.767450",std_H2O,str#176,31.8690898947065
2573,"2017-09-28 01:23:58.767450",mean_H2O,str#176,19878.390890912
2573,"2017-09-28 01:23:58.767450",cows_readytime,str#176,1200.0
2573,"2017-09-28 01:23:58.767450",mean_d18O,str#176,-29.4904435856257
2573,"2017-09-28 01:23:58.767450",mean_d2H,str#176,-121.397666040269
2574,"2017-09-28 01:47:15.895949",flushspeed,str#226,1.37677759903812
2574,"2017-09-28 01:47:15.895949",samplevol,str#226,61.4813804626465
2574,"2017-09-28 01:47:15.895949",sourceid,str#226,3.0
2574,"2017-09-28 01:47:15.895949",cows_switchtime,str#226,1020.0
2574,"2017-09-28 01:47:15.895949",std_d18O,str#226,0.193172424340038
2574,"2017-09-28 01:47:15.895949",std_d2H,str#226,0.395513550080146
2574,"2017-09-28 01:47:15.895949",std_H2O,str#226,81.6944832884279
2574,"2017-09-28 01:47:15.895949",mean_H2O,str#226,19788.3481383813
2574,"2017-09-28 01:47:15.895949",cows_readytime,str#226,1200.0
2574,"2017-09-28 01:47:15.895949",mean_d18O,str#226,-29.6192397583534
2574,"2017-09-28 01:47:15.895949",mean_d2H,str#226,-121.084729053723
2576,"2017-09-28 02:11:53.048700",flushspeed,gw#195,1.31800228511969
2576,"2017-09-28 02:11:53.048700",samplevol,gw#195,65.4770355224609
2576,"2017-09-28 02:11:53.048700",sourceid,gw#195,4.0
2576,"2017-09-28 02:11:53.048700",cows_switchtime,gw#195,1020.0
2576,"2017-09-28 02:11:53.048700",std_d18O,gw#195,0.19017385899287
2576,"2017-09-28 02:11:53.048700",std_d2H,gw#195,0.411446073461143
2576,"2017-09-28 02:11:53.048700",std_H2O,gw#195,75.575923209089
2576,"2017-09-28 02:11:53.048700",mean_H2O,gw#195,19407.9618453782
2576,"2017-09-28 02:11:53.048700",cows_readytime,gw#195,1200.0
2576,"2017-09-28 02:11:53.048700",mean_d18O,gw#195,-29.3542065036934
2576,"2017-09-28 02:11:53.048700",mean_d2H,gw#195,-119.047299171383
2577,"2017-09-28 02:28:55.411212",cows_switchtime,CoWSstd1,1020.0
2577,"2017-09-28 02:28:55.411212",std_d18O,CoWSstd1,0.165006166925821
2577,"2017-09-28 02:28:55.411212",std_d2H,CoWSstd1,0.43007535211117
2577,"2017-09-28 02:28:55.411212",std_H2O,CoWSstd1,51.2118410928238
2577,"2017-09-28 02:28:55.411212",mean_H2O,CoWSstd1,19636.5390028408
2577,"2017-09-28 02:28:55.411212",cows_readytime,CoWSstd1,1200.0
2577,"2017-09-28 02:28:55.411212",mean_d18O,CoWSstd1,-19.4517137413966
2577,"2017-09-28 02:28:55.411212",mean_d2H,CoWSstd1,-73.2657843156184
2578,"2017-09-28 02:50:35.068122",flushspeed,str#176,2.63295528314084
2578,"2017-09-28 02:50:35.068122",samplevol,str#176,64.8154602050781
2578,"2017-09-28 02:50:35.068122",sourceid,str#176,2.0
2578,"2017-09-28 02:50:35.068122",cows_switchtime,str#176,1020.0
2578,"2017-09-28 02:50:35.068122",std_d18O,str#176,0.181434656557961
2578,"2017-09-28 02:50:35.068122",std_d2H,str#176,0.340503827658373
2578,"2017-09-28 02:50:35.068122",std_H2O,str#176,54.0725236173985
2578,"2017-09-28 02:50:35.068122",mean_H2O,str#176,19543.0065951016
2578,"2017-09-28 02:50:35.068122",cows_readytime,str#176,1200.0
2578,"2017-09-28 02:50:35.068122",mean_d18O,str#176,-29.45445783296
2578,"2017-09-28 02:50:35.068122",mean_d2H,str#176,-120.09905666878
2580,"2017-09-28 03:14:54.641886",flushspeed,gw#233,1.74486756785036
2580,"2017-09-28 03:14:54.641886",samplevol,gw#233,72.3073120117187
2580,"2017-09-28 03:14:54.641886",sourceid,gw#233,8.0
2580,"2017-09-28 03:14:54.641886",cows_switchtime,gw#233,1020.0
2580,"2017-09-28 03:14:54.641886",std_d18O,gw#233,0.157266144955513
2580,"2017-09-28 03:14:54.641886",std_d2H,gw#233,0.382459191363819
2580,"2017-09-28 03:14:54.641886",std_H2O,gw#233,28.6047650895408
2580,"2017-09-28 03:14:54.641886",mean_H2O,gw#233,19750.618123456
2580,"2017-09-28 03:14:54.641886",cows_readytime,gw#233,1200.0
2580,"2017-09-28 03:14:54.641886",mean_d18O,gw#233,-29.4003496863935
2580,"2017-09-28 03:14:54.641886",mean_d2H,gw#233,-119.721891336516
2581,"2017-09-28 03:36:38.292385",flushspeed,str#226,1.64036013669493
2581,"2017-09-28 03:36:38.292385",samplevol,str#226,72.6449890136719
2581,"2017-09-28 03:36:38.292385",sourceid,str#226,3.0
2581,"2017-09-28 03:36:38.292385",cows_switchtime,str#226,1020.0
2581,"2017-09-28 03:36:38.292385",std_d18O,str#226,0.200629698289134
2581,"2017-09-28 03:36:38.292385",std_d2H,str#226,0.423434250536718
2581,"2017-09-28 03:36:38.292385",std_H2O,str#226,71.6505494034526
2581,"2017-09-28 03:36:38.292385",mean_H2O,str#226,19465.7993989655
2581,"2017-09-28 03:36:38.292385",cows_readytime,str#226,1200.0
2581,"2017-09-28 03:36:38.292385",mean_d18O,str#226,-29.5814527699191
2581,"2017-09-28 03:36:38.292385",mean_d2H,str#226,-120.747220202341
2583,"2017-09-28 03:56:06.226589",cows_switchtime,CoWSstd2,1020.0
2583,"2017-09-28 03:56:06.226589",std_d18O,CoWSstd2,0.186949095222018
2583,"2017-09-28 03:56:06.226589",std_d2H,CoWSstd2,0.430449357426453
2583,"2017-09-28 03:56:06.226589",std_H2O,CoWSstd2,11.2278189497995
2583,"2017-09-28 03:56:06.226589",mean_H2O,CoWSstd2,19572.3376270905
2583,"2017-09-28 03:56:06.226589",cows_readytime,CoWSstd2,1200.0
2583,"2017-09-28 03:56:06.226589",mean_d18O,CoWSstd2,-40.2313251869031
2583,"2017-09-28 03:56:06.226589",mean_d2H,CoWSstd2,-201.586723790551
2584,"2017-09-28 04:19:25.976545",flushspeed,str#176,2.68409818824264
2584,"2017-09-28 04:19:25.976545",samplevol,str#176,69.0806350708008
2584,"2017-09-28 04:19:25.976545",sourceid,str#176,2.0
2584,"2017-09-28 04:19:25.976545",cows_switchtime,str#176,1020.0
2584,"2017-09-28 04:19:25.976545",std_d18O,str#176,0.162835970524556
2584,"2017-09-28 04:19:25.976545",std_d2H,str#176,0.424059324755122
2584,"2017-09-28 04:19:25.976545",std_H2O,str#176,42.811232546318
2584,"2017-09-28 04:19:25.976545",mean_H2O,str#176,19531.1019668343
2584,"2017-09-28 04:19:25.976545",cows_readytime,str#176,1200.0
2584,"2017-09-28 04:19:25.976545",mean_d18O,str#176,-29.5365002614354
2584,"2017-09-28 04:19:25.976545",mean_d2H,str#176,-121.577125886034
2586,"2017-09-28 04:44:55.644848",flushspeed,str#226,1.38769468110644
2586,"2017-09-28 04:44:55.644848",samplevol,str#226,63.3163452148437
2586,"2017-09-28 04:44:55.644848",sourceid,str#226,3.0
2587,"2017-09-28 05:04:45.869570",flushspeed,gw#195,1.30953394194886
2587,"2017-09-28 05:04:45.869570",samplevol,gw#195,68.7164840698242
2586,"2017-09-28 04:44:55.644848",cows_switchtime,str#226,1020.0
2586,"2017-09-28 04:44:55.644848",std_d18O,str#226,0.182106865425474
2586,"2017-09-28 04:44:55.644848",std_d2H,str#226,0.348540116210806
2586,"2017-09-28 04:44:55.644848",std_H2O,str#226,56.5059201033927
2586,"2017-09-28 04:44:55.644848",mean_H2O,str#226,19679.6160899661
2586,"2017-09-28 04:44:55.644848",cows_readytime,str#226,1200.0
2586,"2017-09-28 04:44:55.644848",mean_d18O,str#226,-29.5280127406699
2586,"2017-09-28 04:44:55.644848",mean_d2H,str#226,-121.086192020151
2587,"2017-09-28 05:04:45.869570",sourceid,gw#195,4.0
2587,"2017-09-28 05:04:45.869570",cows_switchtime,gw#195,1020.0
2587,"2017-09-28 05:04:45.869570",std_d18O,gw#195,0.1977458049933
2587,"2017-09-28 05:04:45.869570",std_d2H,gw#195,0.347116084380543
2587,"2017-09-28 05:04:45.869570",std_H2O,gw#195,27.5776019022068
2587,"2017-09-28 05:04:45.869570",mean_H2O,gw#195,19210.845683652
2587,"2017-09-28 05:04:45.869570",cows_readytime,gw#195,1200.0
2587,"2017-09-28 05:04:45.869570",mean_d18O,gw#195,-29.2849334926516
2587,"2017-09-28 05:04:45.869570",mean_d2H,gw#195,-119.373951013391
2588,"2017-09-28 05:21:47.702080",cows_switchtime,CoWSstd1,1020.0
2588,"2017-09-28 05:21:47.702080",std_d18O,CoWSstd1,0.19854834016269
2588,"2017-09-28 05:21:47.702080",std_d2H,CoWSstd1,0.438351382225204
2588,"2017-09-28 05:21:47.702080",std_H2O,CoWSstd1,38.3038174861623
2588,"2017-09-28 05:21:47.702080",mean_H2O,CoWSstd1,19590.8892837283
2588,"2017-09-28 05:21:47.702080",cows_readytime,CoWSstd1,1200.0
2588,"2017-09-28 05:21:47.702080",mean_d18O,CoWSstd1,-19.3955671608467
2588,"2017-09-28 05:21:47.702080",mean_d2H,CoWSstd1,-73.1415097408799
2589,"2017-09-28 05:42:00.461522",flushspeed,str#176,3.62369598994779
2589,"2017-09-28 05:42:00.461522",samplevol,str#176,72.4340591430664
2589,"2017-09-28 05:42:00.461522",sourceid,str#176,2.0
2589,"2017-09-28 05:42:00.461522",cows_switchtime,str#176,1020.0
2589,"2017-09-28 05:42:00.461522",std_d18O,str#176,0.173564480146414
2589,"2017-09-28 05:42:00.461522",std_d2H,str#176,0.348499213807108
2589,"2017-09-28 05:42:00.461522",std_H2O,str#176,94.0972328327599
2589,"2017-09-28 05:42:00.461522",mean_H2O,str#176,19752.986042755
2589,"2017-09-28 05:42:00.461522",cows_readytime,str#176,1200.0
2589,"2017-09-28 05:42:00.461522",mean_d18O,str#176,-29.4369783520313
2589,"2017-09-28 05:42:00.461522",mean_d2H,str#176,-119.853107952587
2591,"2017-09-28 06:06:18.258188",flushspeed,gw#233,1.70188079450526
2591,"2017-09-28 06:06:18.258188",samplevol,gw#233,67.5867919921875
2591,"2017-09-28 06:06:18.258188",sourceid,gw#233,8.0
2591,"2017-09-28 06:06:18.258188",cows_switchtime,gw#233,1020.0
2591,"2017-09-28 06:06:18.258188",std_d18O,gw#233,0.212157687573048
2591,"2017-09-28 06:06:18.258188",std_d2H,gw#233,0.45451954437196
2591,"2017-09-28 06:06:18.258188",std_H2O,gw#233,25.9225156596595
2591,"2017-09-28 06:06:18.258188",mean_H2O,gw#233,19591.4329089342
2591,"2017-09-28 06:06:18.258188",cows_readytime,gw#233,1200.0
2591,"2017-09-28 06:06:18.258188",mean_d18O,gw#233,-29.3454285528028
2591,"2017-09-28 06:06:18.258188",mean_d2H,gw#233,-119.688953720696
2592,"2017-09-28 06:28:02.065249",flushspeed,str#226,1.43084625133476
2592,"2017-09-28 06:28:02.065249",samplevol,str#226,62.7383155822754
2592,"2017-09-28 06:28:02.065249",sourceid,str#226,3.0
2592,"2017-09-28 06:28:02.065249",cows_switchtime,str#226,1020.0
2592,"2017-09-28 06:28:02.065249",std_d18O,str#226,0.193953601920916
2592,"2017-09-28 06:28:02.065249",std_d2H,str#226,0.40831057716311
2592,"2017-09-28 06:28:02.065249",std_H2O,str#226,26.0976590619925
2592,"2017-09-28 06:28:02.065249",mean_H2O,str#226,19473.9668890475
2592,"2017-09-28 06:28:02.065249",cows_readytime,str#226,1200.0
2592,"2017-09-28 06:28:02.065249",mean_d18O,str#226,-29.5803024353796
2592,"2017-09-28 06:28:02.065249",mean_d2H,str#226,-120.818492236253
2594,"2017-09-28 06:47:30.650158",cows_switchtime,CoWSstd2,1020.0
2594,"2017-09-28 06:47:30.650158",std_d18O,CoWSstd2,0.190166101017076
2594,"2017-09-28 06:47:30.650158",std_d2H,CoWSstd2,0.38028491225241
2594,"2017-09-28 06:47:30.650158",std_H2O,CoWSstd2,47.3714682310036
2594,"2017-09-28 06:47:30.650158",mean_H2O,CoWSstd2,19633.5981380033
2594,"2017-09-28 06:47:30.650158",cows_readytime,CoWSstd2,1200.0
2594,"2017-09-28 06:47:30.650158",mean_d18O,CoWSstd2,-40.254809439785
2594,"2017-09-28 06:47:30.650158",mean_d2H,CoWSstd2,-201.581723030572
2596,"2017-09-28 07:11:41.262634",flushspeed,str#176,2.6067888659259
2596,"2017-09-28 07:11:41.262634",samplevol,str#176,66.9918670654297
2596,"2017-09-28 07:11:41.262634",sourceid,str#176,2.0
2596,"2017-09-28 07:11:41.262634",cows_switchtime,str#176,1020.0
2596,"2017-09-28 07:11:41.262634",std_d18O,str#176,0.231719376907279
2596,"2017-09-28 07:11:41.262634",std_d2H,str#176,0.401268471825048
2596,"2017-09-28 07:11:41.262634",std_H2O,str#176,74.3752868510682
2596,"2017-09-28 07:11:41.262634",mean_H2O,str#176,19624.8121991594
2596,"2017-09-28 07:11:41.262634",cows_readytime,str#176,1200.0
2596,"2017-09-28 07:11:41.262634",mean_d18O,str#176,-29.6107273462707
2596,"2017-09-28 07:11:41.262634",mean_d2H,str#176,-121.488243085435
2597,"2017-09-28 07:34:48.735328",flushspeed,str#226,1.52222592797154
2597,"2017-09-28 07:34:48.735328",samplevol,str#226,64.5606460571289
2597,"2017-09-28 07:34:48.735328",sourceid,str#226,3.0
2598,"2017-09-28 07:54:30.809962",flushspeed,gw#195,1.2365684269552
2598,"2017-09-28 07:54:30.809962",samplevol,gw#195,61.5897636413574
2597,"2017-09-28 07:34:48.735328",cows_switchtime,str#226,1020.0
2597,"2017-09-28 07:34:48.735328",std_d18O,str#226,0.179124285166147
2597,"2017-09-28 07:34:48.735328",std_d2H,str#226,0.390932395210226
2597,"2017-09-28 07:34:48.735328",std_H2O,str#226,95.1715832053569
2597,"2017-09-28 07:34:48.735328",mean_H2O,str#226,19600.7869539966
2597,"2017-09-28 07:34:48.735328",cows_readytime,str#226,1200.0
2597,"2017-09-28 07:34:48.735328",mean_d18O,str#226,-29.6950711530978
2597,"2017-09-28 07:34:48.735328",mean_d2H,str#226,-121.11674603805
2598,"2017-09-28 07:54:30.809962",sourceid,gw#195,4.0
2598,"2017-09-28 07:54:30.809962",cows_switchtime,gw#195,1020.0
2598,"2017-09-28 07:54:30.809962",std_d18O,gw#195,0.197372949426841
2598,"2017-09-28 07:54:30.809962",std_d2H,gw#195,0.391258191057343
2598,"2017-09-28 07:54:30.809962",std_H2O,gw#195,39.6986724205729
2598,"2017-09-28 07:54:30.809962",mean_H2O,gw#195,19491.8663212901
2598,"2017-09-28 07:54:30.809962",cows_readytime,gw#195,1200.0
2598,"2017-09-28 07:54:30.809962",mean_d18O,gw#195,-29.2986475514854
2598,"2017-09-28 07:54:30.809962",mean_d2H,gw#195,-119.164699056844
2599,"2017-09-28 08:11:34.302151",cows_switchtime,CoWSstd1,1020.0
2599,"2017-09-28 08:11:34.302151",std_d18O,CoWSstd1,0.195023404297361
2599,"2017-09-28 08:11:34.302151",std_d2H,CoWSstd1,0.452969999283085
2599,"2017-09-28 08:11:34.302151",std_H2O,CoWSstd1,61.7175432438696
2599,"2017-09-28 08:11:34.302151",mean_H2O,CoWSstd1,19542.2204310602
2599,"2017-09-28 08:11:34.302151",cows_readytime,CoWSstd1,1200.0
2599,"2017-09-28 08:11:34.302151",mean_d18O,CoWSstd1,-19.4270710915498
2599,"2017-09-28 08:11:34.302151",mean_d2H,CoWSstd1,-73.2564984850136
2601,"2017-09-28 08:34:18.832838",flushspeed,str#176,2.59100037702851
2601,"2017-09-28 08:34:18.832838",samplevol,str#176,65.7854995727539
2601,"2017-09-28 08:34:18.832838",sourceid,str#176,2.0
2601,"2017-09-28 08:34:18.832838",cows_switchtime,str#176,1020.0
2601,"2017-09-28 08:34:18.832838",std_d18O,str#176,0.178938002399061
2601,"2017-09-28 08:34:18.832838",std_d2H,str#176,0.371762250164981
2601,"2017-09-28 08:34:18.832838",std_H2O,str#176,50.5657460344349
2601,"2017-09-28 08:34:18.832838",mean_H2O,str#176,19540.9547010598
2601,"2017-09-28 08:34:18.832838",cows_readytime,str#176,1200.0
2601,"2017-09-28 08:34:18.832838",mean_d18O,str#176,-29.5182240416122
2601,"2017-09-28 08:34:18.832838",mean_d2H,str#176,-120.302241832983
2602,"2017-09-28 08:56:24.334488",flushspeed,gw#233,1.75754222048582
2602,"2017-09-28 08:56:24.334488",samplevol,gw#233,70.0415725708008
2602,"2017-09-28 08:56:24.334488",sourceid,gw#233,8.0
2602,"2017-09-28 08:56:24.334488",cows_switchtime,gw#233,1020.0
2602,"2017-09-28 08:56:24.334488",std_d18O,gw#233,0.193368127356326
2602,"2017-09-28 08:56:24.334488",std_d2H,gw#233,0.410813592616862
2602,"2017-09-28 08:56:24.334488",std_H2O,gw#233,36.8749405858908
2602,"2017-09-28 08:56:24.334488",mean_H2O,gw#233,19725.0303740307
2602,"2017-09-28 08:56:24.334488",cows_readytime,gw#233,1200.0
2602,"2017-09-28 08:56:24.334488",mean_d18O,gw#233,-29.4078063795584
2602,"2017-09-28 08:56:24.334488",mean_d2H,gw#233,-119.718210497009
2603,"2017-09-28 09:17:30.171935",flushspeed,str#226,1.53563504594175
2603,"2017-09-28 09:17:30.171935",samplevol,str#226,66.0568771362305
2603,"2017-09-28 09:17:30.171935",sourceid,str#226,3.0
2603,"2017-09-28 09:17:30.171935",cows_switchtime,str#226,1020.0
2603,"2017-09-28 09:17:30.171935",std_d18O,str#226,0.193739146757226
2603,"2017-09-28 09:17:30.171935",std_d2H,str#226,0.384232740306188
2603,"2017-09-28 09:17:30.171935",std_H2O,str#226,57.2586007404476
2603,"2017-09-28 09:17:30.171935",mean_H2O,str#226,19584.9197011611
2603,"2017-09-28 09:17:30.171935",cows_readytime,str#226,1200.0
2603,"2017-09-28 09:17:30.171935",mean_d18O,str#226,-29.5766197305222
2603,"2017-09-28 09:17:30.171935",mean_d2H,str#226,-120.904579112427
2605,"2017-09-28 09:36:57.920494",cows_switchtime,CoWSstd2,1020.0
2605,"2017-09-28 09:36:57.920494",std_d18O,CoWSstd2,0.17437191592582
2605,"2017-09-28 09:36:57.920494",std_d2H,CoWSstd2,0.412516119033275
2605,"2017-09-28 09:36:57.920494",std_H2O,CoWSstd2,58.3324220254177
2605,"2017-09-28 09:36:57.920494",mean_H2O,CoWSstd2,19582.6977406974
2605,"2017-09-28 09:36:57.920494",cows_readytime,CoWSstd2,1200.0
2605,"2017-09-28 09:36:57.920494",mean_d18O,CoWSstd2,-40.3204037469315
2605,"2017-09-28 09:36:57.920494",mean_d2H,CoWSstd2,-202.035283070235
2607,"2017-09-28 09:59:09.902256",flushspeed,str#176,2.61375696824273
2607,"2017-09-28 09:59:09.902256",samplevol,str#176,66.0574798583984
2607,"2017-09-28 09:59:09.902256",sourceid,str#176,2.0
2607,"2017-09-28 09:59:09.902256",cows_switchtime,str#176,1020.0
2607,"2017-09-28 09:59:09.902256",std_d18O,str#176,0.186292769047182
2607,"2017-09-28 09:59:09.902256",std_d2H,str#176,0.347245907895565
2607,"2017-09-28 09:59:09.902256",std_H2O,str#176,62.3853982380345
2607,"2017-09-28 09:59:09.902256",mean_H2O,str#176,19591.6204526896
2607,"2017-09-28 09:59:09.902256",cows_readytime,str#176,1200.0
2607,"2017-09-28 09:59:09.902256",mean_d18O,str#176,-29.6853450491169
2607,"2017-09-28 09:59:09.902256",mean_d2H,str#176,-121.931494732745
2608,"2017-09-28 10:22:14.801474",flushspeed,str#226,1.61227177843633
2608,"2017-09-28 10:22:14.801474",samplevol,str#226,67.2978363037109
2608,"2017-09-28 10:22:14.801474",sourceid,str#226,3.0
2609,"2017-09-28 10:41:58.256631",flushspeed,gw#195,1.36739172807449
2609,"2017-09-28 10:41:58.256631",samplevol,gw#195,69.4101715087891
2608,"2017-09-28 10:22:14.801474",cows_switchtime,str#226,1020.0
2608,"2017-09-28 10:22:14.801474",std_d18O,str#226,0.194422649666695
2608,"2017-09-28 10:22:14.801474",std_d2H,str#226,0.335047631893982
2608,"2017-09-28 10:22:14.801474",std_H2O,str#226,51.2868011009606
2608,"2017-09-28 10:22:14.801474",mean_H2O,str#226,19445.8213801454
2608,"2017-09-28 10:22:14.801474",cows_readytime,str#226,1200.0
2608,"2017-09-28 10:22:14.801474",mean_d18O,str#226,-29.6405523484068
2608,"2017-09-28 10:22:14.801474",mean_d2H,str#226,-121.317729587775
2609,"2017-09-28 10:41:58.256631",sourceid,gw#195,4.0
2609,"2017-09-28 10:41:58.256631",cows_switchtime,gw#195,1020.0
2609,"2017-09-28 10:41:58.256631",std_d18O,gw#195,0.189674849821763
2609,"2017-09-28 10:41:58.256631",std_d2H,gw#195,0.368463953210247
2609,"2017-09-28 10:41:58.256631",std_H2O,gw#195,89.8056418991047
2609,"2017-09-28 10:41:58.256631",mean_H2O,gw#195,19187.9476697009
2609,"2017-09-28 10:41:58.256631",cows_readytime,gw#195,1200.0
2609,"2017-09-28 10:41:58.256631",mean_d18O,gw#195,-29.4196714200512
2609,"2017-09-28 10:41:58.256631",mean_d2H,gw#195,-119.527138385118
2610,"2017-09-28 10:58:59.793077",cows_switchtime,CoWSstd1,1020.0
2610,"2017-09-28 10:58:59.793077",std_d18O,CoWSstd1,0.195815916001249
2610,"2017-09-28 10:58:59.793077",std_d2H,CoWSstd1,0.433746470053548
2610,"2017-09-28 10:58:59.793077",std_H2O,CoWSstd1,92.0238175214777
2610,"2017-09-28 10:58:59.793077",mean_H2O,CoWSstd1,19541.5643074756
2610,"2017-09-28 10:58:59.793077",cows_readytime,CoWSstd1,1200.0
2610,"2017-09-28 10:58:59.793077",mean_d18O,CoWSstd1,-19.3545855139012
2610,"2017-09-28 10:58:59.793077",mean_d2H,CoWSstd1,-72.9885524680392
2612,"2017-09-28 11:21:13.216711",flushspeed,str#176,3.17331150074927
2612,"2017-09-28 11:21:13.216711",samplevol,str#176,67.2012176513672
2612,"2017-09-28 11:21:13.216711",sourceid,str#176,2.0
2612,"2017-09-28 11:21:13.216711",cows_switchtime,str#176,1020.0
2612,"2017-09-28 11:21:13.216711",std_d18O,str#176,0.182671259032896
2612,"2017-09-28 11:21:13.216711",std_d2H,str#176,0.388703894690516
2612,"2017-09-28 11:21:13.216711",std_H2O,str#176,63.339559798486
2612,"2017-09-28 11:21:13.216711",mean_H2O,str#176,19421.6737720706
2612,"2017-09-28 11:21:13.216711",cows_readytime,str#176,1200.0
2612,"2017-09-28 11:21:13.216711",mean_d18O,str#176,-29.5793044881489
2612,"2017-09-28 11:21:13.216711",mean_d2H,str#176,-120.392915339031
2613,"2017-09-28 11:43:09.549792",flushspeed,gw#233,2.19621168439685
2613,"2017-09-28 11:43:09.549792",samplevol,gw#233,73.1953430175781
2613,"2017-09-28 11:43:09.549792",sourceid,gw#233,8.0
2613,"2017-09-28 11:43:09.549792",cows_switchtime,gw#233,1020.0
2613,"2017-09-28 11:43:09.549792",std_d18O,gw#233,0.180072220620621
2613,"2017-09-28 11:43:09.549792",std_d2H,gw#233,0.396443506608075
2613,"2017-09-28 11:43:09.549792",std_H2O,gw#233,80.0523224293947
2613,"2017-09-28 11:43:09.549792",mean_H2O,gw#233,19558.7702892808
2613,"2017-09-28 11:43:09.549792",cows_readytime,gw#233,1200.0
2613,"2017-09-28 11:43:09.549792",mean_d18O,gw#233,-29.501325421427
2613,"2017-09-28 11:43:09.549792",mean_d2H,gw#233,-119.907703957046
2614,"2017-09-28 12:04:21.534194",flushspeed,str#226,1.95048502672557
2614,"2017-09-28 12:04:21.534194",samplevol,str#226,74.2705688476562
2614,"2017-09-28 12:04:21.534194",sourceid,str#226,3.0
2614,"2017-09-28 12:04:21.534194",cows_switchtime,str#226,1020.0
2614,"2017-09-28 12:04:21.534194",std_d18O,str#226,0.186606844982049
2614,"2017-09-28 12:04:21.534194",std_d2H,str#226,0.330006544197832
2614,"2017-09-28 12:04:21.534194",std_H2O,str#226,26.3348605166041
2614,"2017-09-28 12:04:21.534194",mean_H2O,str#226,19479.3223661474
2614,"2017-09-28 12:04:21.534194",cows_readytime,str#226,1200.0
2614,"2017-09-28 12:04:21.534194",mean_d18O,str#226,-29.6218474042606
2614,"2017-09-28 12:04:21.534194",mean_d2H,str#226,-120.900890467968
2616,"2017-09-28 12:23:46.999561",cows_switchtime,CoWSstd2,1020.0
2616,"2017-09-28 12:23:46.999561",std_d18O,CoWSstd2,0.197373002583502
2616,"2017-09-28 12:23:46.999561",std_d2H,CoWSstd2,0.438200102942109
2616,"2017-09-28 12:23:46.999561",std_H2O,CoWSstd2,51.2914142384866
2616,"2017-09-28 12:23:46.999561",mean_H2O,CoWSstd2,19589.4446776348
2616,"2017-09-28 12:23:46.999561",cows_readytime,CoWSstd2,1200.0
2616,"2017-09-28 12:23:46.999561",mean_d18O,CoWSstd2,-40.5479798120628
2616,"2017-09-28 12:23:46.999561",mean_d2H,CoWSstd2,-202.655569034541
2618,"2017-09-28 12:45:49.916105",flushspeed,str#176,3.04192279591841
2618,"2017-09-28 12:45:49.916105",samplevol,str#176,68.1208190917969
2618,"2017-09-28 12:45:49.916105",sourceid,str#176,2.0
2618,"2017-09-28 12:45:49.916105",cows_switchtime,str#176,1020.0
2618,"2017-09-28 12:45:49.916105",std_d18O,str#176,0.207357945182527
2618,"2017-09-28 12:45:49.916105",std_d2H,str#176,0.377734839096317
2618,"2017-09-28 12:45:49.916105",std_H2O,str#176,95.4704307146594
2618,"2017-09-28 12:45:49.916105",mean_H2O,str#176,19500.7066600632
2618,"2017-09-28 12:45:49.916105",cows_readytime,str#176,1200.0
2618,"2017-09-28 12:45:49.916105",mean_d18O,str#176,-29.6691517768512
2618,"2017-09-28 12:45:49.916105",mean_d2H,str#176,-121.874177646884
2619,"2017-09-28 13:08:53.274676",flushspeed,str#226,1.76278851193506
2619,"2017-09-28 13:08:53.274676",samplevol,str#226,64.7172546386719
2619,"2017-09-28 13:08:53.274676",sourceid,str#226,3.0
2620,"2017-09-28 13:28:09.909571",flushspeed,gw#195,1.44116247489379
2620,"2017-09-28 13:28:09.909571",samplevol,gw#195,67.8628997802734
2619,"2017-09-28 13:08:53.274676",cows_switchtime,str#226,1020.0
2619,"2017-09-28 13:08:53.274676",std_d18O,str#226,0.182229803271179
2619,"2017-09-28 13:08:53.274676",std_d2H,str#226,0.359875423725528
2619,"2017-09-28 13:08:53.274676",std_H2O,str#226,58.0945913104668
2619,"2017-09-28 13:08:53.274676",mean_H2O,str#226,19631.0835949409
2619,"2017-09-28 13:08:53.274676",cows_readytime,str#226,1200.0
2619,"2017-09-28 13:08:53.274676",mean_d18O,str#226,-29.6826804844114
2619,"2017-09-28 13:08:53.274676",mean_d2H,str#226,-121.239799282562
2620,"2017-09-28 13:28:09.909571",sourceid,gw#195,4.0
2620,"2017-09-28 13:28:09.909571",cows_switchtime,gw#195,1020.0
2620,"2017-09-28 13:28:09.909571",std_d18O,gw#195,0.21375845856249
2620,"2017-09-28 13:28:09.909571",std_d2H,gw#195,0.365367291222208
2620,"2017-09-28 13:28:09.909571",std_H2O,gw#195,51.8016131838665
2620,"2017-09-28 13:28:09.909571",mean_H2O,gw#195,19166.31880524
2620,"2017-09-28 13:28:09.909571",cows_readytime,gw#195,1200.0
2620,"2017-09-28 13:28:09.909571",mean_d18O,gw#195,-29.4183156662531
2620,"2017-09-28 13:28:09.909571",mean_d2H,gw#195,-119.563419831367
2621,"2017-09-28 13:45:12.419929",cows_switchtime,CoWSstd1,1020.0
2621,"2017-09-28 13:45:12.419929",std_d18O,CoWSstd1,0.178705671471667
2621,"2017-09-28 13:45:12.419929",std_d2H,CoWSstd1,0.383636963456045
2621,"2017-09-28 13:45:12.419929",std_H2O,CoWSstd1,62.1755266393468
2621,"2017-09-28 13:45:12.419929",mean_H2O,CoWSstd1,19445.1931268095
2621,"2017-09-28 13:45:12.419929",cows_readytime,CoWSstd1,1200.0
2621,"2017-09-28 13:45:12.419929",mean_d18O,CoWSstd1,-19.4765042903116
2621,"2017-09-28 13:45:12.419929",mean_d2H,CoWSstd1,-73.1895329291963
2623,"2017-09-28 14:07:15.642949",flushspeed,str#176,3.64287466232575
2623,"2017-09-28 14:07:15.642949",samplevol,str#176,74.6425018310547
2623,"2017-09-28 14:07:15.642949",sourceid,str#176,2.0
2623,"2017-09-28 14:07:15.642949",cows_switchtime,str#176,1020.0
2623,"2017-09-28 14:07:15.642949",std_d18O,str#176,0.196391953130237
2623,"2017-09-28 14:07:15.642949",std_d2H,str#176,0.358392482411753
2623,"2017-09-28 14:07:15.642949",std_H2O,str#176,35.3934204745781
2623,"2017-09-28 14:07:15.642949",mean_H2O,str#176,19347.5197321673
2623,"2017-09-28 14:07:15.642949",cows_readytime,str#176,1200.0
2623,"2017-09-28 14:07:15.642949",mean_d18O,str#176,-29.625999410677
2623,"2017-09-28 14:07:15.642949",mean_d2H,str#176,-120.46673616852
2624,"2017-09-28 14:29:20.705286",flushspeed,gw#233,2.10146698648325
2624,"2017-09-28 14:29:20.705286",samplevol,gw#233,70.5147247314453
2624,"2017-09-28 14:29:20.705286",sourceid,gw#233,8.0
2624,"2017-09-28 14:29:20.705286",cows_switchtime,gw#233,1020.0
2624,"2017-09-28 14:29:20.705286",std_d18O,gw#233,0.179805939616571
2624,"2017-09-28 14:29:20.705286",std_d2H,gw#233,0.402114407249758
2624,"2017-09-28 14:29:20.705286",std_H2O,gw#233,48.6304078545796
2624,"2017-09-28 14:29:20.705286",mean_H2O,gw#233,19485.0027425944
2624,"2017-09-28 14:29:20.705286",cows_readytime,gw#233,1200.0
2624,"2017-09-28 14:29:20.705286",mean_d18O,gw#233,-29.475578149466
2624,"2017-09-28 14:29:20.705286",mean_d2H,gw#233,-119.883712297732
2625,"2017-09-28 14:50:24.342427",flushspeed,str#226,1.73261442722193
2625,"2017-09-28 14:50:24.342427",samplevol,str#226,66.2482452392578
2625,"2017-09-28 14:50:24.342427",sourceid,str#226,3.0
2625,"2017-09-28 14:50:24.342427",cows_switchtime,str#226,1020.0
2625,"2017-09-28 14:50:24.342427",std_d18O,str#226,0.176077013680528
2625,"2017-09-28 14:50:24.342427",std_d2H,str#226,0.354734228467772
2625,"2017-09-28 14:50:24.342427",std_H2O,str#226,37.6309137139122
2625,"2017-09-28 14:50:24.342427",mean_H2O,str#226,19510.7351628126
2625,"2017-09-28 14:50:24.342427",cows_readytime,str#226,1200.0
2625,"2017-09-28 14:50:24.342427",mean_d18O,str#226,-29.7180946343533
2625,"2017-09-28 14:50:24.342427",mean_d2H,str#226,-120.963697791787
2628,"2017-09-28 15:12:42.160190",cows_switchtime,CoWSstd2,1020.0
2628,"2017-09-28 15:12:42.160190",std_d18O,CoWSstd2,0.181064233514672
2628,"2017-09-28 15:12:42.160190",std_d2H,CoWSstd2,0.412871879251454
2628,"2017-09-28 15:12:42.160190",std_H2O,CoWSstd2,30.1554866210142
2628,"2017-09-28 15:12:42.160190",mean_H2O,CoWSstd2,19455.1323844325
2628,"2017-09-28 15:12:42.160190",cows_readytime,CoWSstd2,1200.0
2628,"2017-09-28 15:12:42.160190",mean_d18O,CoWSstd2,-40.4632450805517
2628,"2017-09-28 15:12:42.160190",mean_d2H,CoWSstd2,-202.551520484018
2629,"2017-09-28 15:35:53.361507",flushspeed,str#176,3.13733843048573
2629,"2017-09-28 15:35:53.361507",samplevol,str#176,67.9829864501953
2629,"2017-09-28 15:35:53.361507",sourceid,str#176,2.0
2629,"2017-09-28 15:35:53.361507",cows_switchtime,str#176,1020.0
2629,"2017-09-28 15:35:53.361507",std_d18O,str#176,0.17352284589638
2629,"2017-09-28 15:35:53.361507",std_d2H,str#176,0.360986804421176
2629,"2017-09-28 15:35:53.361507",std_H2O,str#176,50.7865605301271
2629,"2017-09-28 15:35:53.361507",mean_H2O,str#176,19488.5013681015
2629,"2017-09-28 15:35:53.361507",cows_readytime,str#176,1200.0
2629,"2017-09-28 15:35:53.361507",mean_d18O,str#176,-29.7431236008504
2629,"2017-09-28 15:35:53.361507",mean_d2H,str#176,-121.93383145977
2630,"2017-09-28 15:58:55.734224",flushspeed,str#226,1.54169841444684
2630,"2017-09-28 15:58:55.734224",samplevol,str#226,58.5783729553223
2630,"2017-09-28 15:58:55.734224",sourceid,str#226,3.0
2631,"2017-09-28 16:18:22.241044",flushspeed,gw#195,1.60757401912271
2631,"2017-09-28 16:18:22.241044",samplevol,gw#195,71.8585586547852
2630,"2017-09-28 15:58:55.734224",cows_switchtime,str#226,1020.0
2630,"2017-09-28 15:58:55.734224",std_d18O,str#226,0.20204711815996
2630,"2017-09-28 15:58:55.734224",std_d2H,str#226,0.415125008405531
2630,"2017-09-28 15:58:55.734224",std_H2O,str#226,35.1500505318043
2630,"2017-09-28 15:58:55.734224",mean_H2O,str#226,19350.6931712358
2630,"2017-09-28 15:58:55.734224",cows_readytime,str#226,1200.0
2630,"2017-09-28 15:58:55.734224",mean_d18O,str#226,-29.6977907766145
2630,"2017-09-28 15:58:55.734224",mean_d2H,str#226,-121.468585821607
2631,"2017-09-28 16:18:22.241044",sourceid,gw#195,4.0
2631,"2017-09-28 16:18:22.241044",cows_switchtime,gw#195,1020.0
2631,"2017-09-28 16:18:22.241044",std_d18O,gw#195,0.200584399685542
2631,"2017-09-28 16:18:22.241044",std_d2H,gw#195,0.352762512792401
2631,"2017-09-28 16:18:22.241044",std_H2O,gw#195,53.2510177501331
2631,"2017-09-28 16:18:22.241044",mean_H2O,gw#195,19565.7326887897
2631,"2017-09-28 16:18:22.241044",cows_readytime,gw#195,1200.0
2631,"2017-09-28 16:18:22.241044",mean_d18O,gw#195,-29.3755584622771
2631,"2017-09-28 16:18:22.241044",mean_d2H,gw#195,-119.399781001563
2633,"2017-09-28 16:37:47.724803",cows_switchtime,CoWSstd1,1020.0
2633,"2017-09-28 16:37:47.724803",std_d18O,CoWSstd1,0.195438866133758
2633,"2017-09-28 16:37:47.724803",std_d2H,CoWSstd1,0.420242940743051
2633,"2017-09-28 16:37:47.724803",std_H2O,CoWSstd1,34.7682733955576
2633,"2017-09-28 16:37:47.724803",mean_H2O,CoWSstd1,19420.5428249783
2633,"2017-09-28 16:37:47.724803",cows_readytime,CoWSstd1,1200.0
2633,"2017-09-28 16:37:47.724803",mean_d18O,CoWSstd1,-19.5237439244601
2633,"2017-09-28 16:37:47.724803",mean_d2H,CoWSstd1,-72.9513378738416
2634,"2017-09-28 17:00:53.311073",flushspeed,str#176,2.86429975707979
2634,"2017-09-28 17:00:53.311073",samplevol,str#176,60.737476348877
2634,"2017-09-28 17:00:53.311073",sourceid,str#176,2.0
2634,"2017-09-28 17:00:53.311073",cows_switchtime,str#176,1020.0
2634,"2017-09-28 17:00:53.311073",std_d18O,str#176,0.196446056402401
2634,"2017-09-28 17:00:53.311073",std_d2H,str#176,0.370859854879096
2634,"2017-09-28 17:00:53.311073",std_H2O,str#176,113.035106404455
2634,"2017-09-28 17:00:53.311073",mean_H2O,str#176,19338.8861391423
2634,"2017-09-28 17:00:53.311073",cows_readytime,str#176,1200.0
2634,"2017-09-28 17:00:53.311073",mean_d18O,str#176,-29.6192129828814
2634,"2017-09-28 17:00:53.311073",mean_d2H,str#176,-120.607911137121
2635,"2017-09-28 17:22:57.180415",flushspeed,gw#233,1.93606963285149
2635,"2017-09-28 17:22:57.180415",samplevol,gw#233,69.4410095214844
2635,"2017-09-28 17:22:57.180415",sourceid,gw#233,8.0
2635,"2017-09-28 17:22:57.180415",cows_switchtime,gw#233,1020.0
2635,"2017-09-28 17:22:57.180415",std_d18O,gw#233,0.179510527430013
2635,"2017-09-28 17:22:57.180415",std_d2H,gw#233,0.379157069383927
2635,"2017-09-28 17:22:57.180415",std_H2O,gw#233,56.6524866079666
2635,"2017-09-28 17:22:57.180415",mean_H2O,gw#233,19446.6198264459
2635,"2017-09-28 17:22:57.180415",cows_readytime,gw#233,1200.0
2635,"2017-09-28 17:22:57.180415",mean_d18O,gw#233,-29.5283311267765
2635,"2017-09-28 17:22:57.180415",mean_d2H,gw#233,-119.942180857699
2636,"2017-09-28 17:44:10.072641",flushspeed,str#226,1.49711205448707
2636,"2017-09-28 17:44:10.072641",samplevol,str#226,61.0402526855469
2636,"2017-09-28 17:44:10.072641",sourceid,str#226,3.0
2636,"2017-09-28 17:44:10.072641",cows_switchtime,str#226,1020.0
2636,"2017-09-28 17:44:10.072641",std_d18O,str#226,0.205878930665537
2636,"2017-09-28 17:44:10.072641",std_d2H,str#226,0.32969471316965
2636,"2017-09-28 17:44:10.072641",std_H2O,str#226,40.1622039861989
2636,"2017-09-28 17:44:10.072641",mean_H2O,str#226,19460.8825266548
2636,"2017-09-28 17:44:10.072641",cows_readytime,str#226,1200.0
2636,"2017-09-28 17:44:10.072641",mean_d18O,str#226,-29.6155855397147
2636,"2017-09-28 17:44:10.072641",mean_d2H,str#226,-120.902396154942
2639,"2017-09-28 18:08:25.521572",cows_switchtime,CoWSstd2,1020.0
2639,"2017-09-28 18:08:25.521572",std_d18O,CoWSstd2,0.181590701185679
2639,"2017-09-28 18:08:25.521572",std_d2H,CoWSstd2,0.371506736663955
2639,"2017-09-28 18:08:25.521572",std_H2O,CoWSstd2,11.623287872968
2639,"2017-09-28 18:08:25.521572",mean_H2O,CoWSstd2,19454.5562632573
2639,"2017-09-28 18:08:25.521572",cows_readytime,CoWSstd2,1200.0
2639,"2017-09-28 18:08:25.521572",mean_d18O,CoWSstd2,-40.4791212166575
2639,"2017-09-28 18:08:25.521572",mean_d2H,CoWSstd2,-202.616755517734
2640,"2017-09-28 18:31:41.034524",flushspeed,str#176,2.82917968934443
2640,"2017-09-28 18:31:41.034524",samplevol,str#176,67.4080352783203
2640,"2017-09-28 18:31:41.034524",sourceid,str#176,2.0
2640,"2017-09-28 18:31:41.034524",cows_switchtime,str#176,1020.0
2640,"2017-09-28 18:31:41.034524",std_d18O,str#176,0.200722049504589
2640,"2017-09-28 18:31:41.034524",std_d2H,str#176,0.350675470306463
2640,"2017-09-28 18:31:41.034524",std_H2O,str#176,47.1409408451123
2640,"2017-09-28 18:31:41.034524",mean_H2O,str#176,19241.8255791942
2640,"2017-09-28 18:31:41.034524",cows_readytime,str#176,1200.0
2640,"2017-09-28 18:31:41.034524",mean_d18O,str#176,-29.702505993006
2640,"2017-09-28 18:31:41.034524",mean_d2H,str#176,-122.101384099264
2641,"2017-09-28 18:54:48.093568",flushspeed,str#226,1.71525751791203
2641,"2017-09-28 18:54:48.093568",samplevol,str#226,68.2758255004883
2641,"2017-09-28 18:54:48.093568",sourceid,str#226,3.0
2641,"2017-09-28 18:54:48.093568",cows_switchtime,str#226,1020.0
2641,"2017-09-28 18:54:48.093568",std_d18O,str#226,0.17578369371318
2641,"2017-09-28 18:54:48.093568",std_d2H,str#226,0.401971092945464
2641,"2017-09-28 18:54:48.093568",std_H2O,str#226,83.1672307643884
2641,"2017-09-28 18:54:48.093568",mean_H2O,str#226,19607.7579256737
2641,"2017-09-28 18:54:48.093568",cows_readytime,str#226,1200.0
2641,"2017-09-28 18:54:48.093568",mean_d18O,str#226,-29.6308623081785
2641,"2017-09-28 18:54:48.093568",mean_d2H,str#226,-121.287554383631
2643,"2017-09-28 19:19:25.398552",flushspeed,gw#195,1.38722241838237
2643,"2017-09-28 19:19:25.398552",samplevol,gw#195,72.2382202148437
2643,"2017-09-28 19:19:25.398552",sourceid,gw#195,4.0
2643,"2017-09-28 19:19:25.398552",cows_switchtime,gw#195,1020.0
2643,"2017-09-28 19:19:25.398552",std_d18O,gw#195,0.21153789747703
2643,"2017-09-28 19:19:25.398552",std_d2H,gw#195,0.383948517347613
2643,"2017-09-28 19:19:25.398552",std_H2O,gw#195,59.3232219857168
2643,"2017-09-28 19:19:25.398552",mean_H2O,gw#195,18998.1142042161
2643,"2017-09-28 19:19:25.398552",cows_readytime,gw#195,1200.0
2643,"2017-09-28 19:19:25.398552",mean_d18O,gw#195,-29.3719266230128
2643,"2017-09-28 19:19:25.398552",mean_d2H,gw#195,-119.781611559393
2644,"2017-09-28 19:36:27.795320",cows_switchtime,CoWSstd1,1020.0
2644,"2017-09-28 19:36:27.795320",std_d18O,CoWSstd1,0.194871915462798
2644,"2017-09-28 19:36:27.795320",std_d2H,CoWSstd1,0.481990744563254
2644,"2017-09-28 19:36:27.795320",std_H2O,CoWSstd1,87.8146938036265
2644,"2017-09-28 19:36:27.795320",mean_H2O,CoWSstd1,19453.5624040752
2644,"2017-09-28 19:36:27.795320",cows_readytime,CoWSstd1,1200.0
2644,"2017-09-28 19:36:27.795320",mean_d18O,CoWSstd1,-19.4197589867331
2644,"2017-09-28 19:36:27.795320",mean_d2H,CoWSstd1,-73.3293633013612
2645,"2017-09-28 19:58:00.540540",flushspeed,str#176,2.72026149497344
2645,"2017-09-28 19:58:00.540540",samplevol,str#176,64.0512771606445
2645,"2017-09-28 19:58:00.540540",sourceid,str#176,2.0
2645,"2017-09-28 19:58:00.540540",cows_switchtime,str#176,1020.0
2645,"2017-09-28 19:58:00.540540",cows_readytime,str#176,1200.0
2646,"2017-09-28 20:21:14.360148",flushspeed,gw#233,1.73312287070353
2646,"2017-09-28 20:21:14.360148",samplevol,gw#233,66.3612747192383
2646,"2017-09-28 20:21:14.360148",sourceid,gw#233,8.0
2646,"2017-09-28 20:21:14.360148",cows_switchtime,gw#233,1020.0
2646,"2017-09-28 20:21:14.360148",std_d18O,gw#233,0.217444148604769
2646,"2017-09-28 20:21:14.360148",std_d2H,gw#233,0.362046363314503
2646,"2017-09-28 20:21:14.360148",std_H2O,gw#233,34.0602713932896
2646,"2017-09-28 20:21:14.360148",mean_H2O,gw#233,19693.7700263435
2646,"2017-09-28 20:21:14.360148",cows_readytime,gw#233,1200.0
2646,"2017-09-28 20:21:14.360148",mean_d18O,gw#233,-29.4487222691109
2646,"2017-09-28 20:21:14.360148",mean_d2H,gw#233,-119.887344308175
2648,"2017-09-28 20:48:28.120766",flushspeed,str#226,1.49185965193547
2648,"2017-09-28 20:48:28.120766",samplevol,str#226,66.2146987915039
2648,"2017-09-28 20:48:28.120766",sourceid,str#226,3.0
2648,"2017-09-28 20:48:28.120766",cows_switchtime,str#226,1020.0
2648,"2017-09-28 20:48:28.120766",std_d18O,str#226,0.18660592891337
2648,"2017-09-28 20:48:28.120766",std_d2H,str#226,0.362793075735008
2648,"2017-09-28 20:48:28.120766",std_H2O,str#226,86.2580016670043
2648,"2017-09-28 20:48:28.120766",mean_H2O,str#226,19718.7584164304
2648,"2017-09-28 20:48:28.120766",cows_readytime,str#226,1200.0
2648,"2017-09-28 20:48:28.120766",mean_d18O,str#226,-29.5333442552152
2648,"2017-09-28 20:48:28.120766",mean_d2H,str#226,-120.940518018714
2650,"2017-09-28 21:08:01.049355",cows_switchtime,CoWSstd2,1020.0
2650,"2017-09-28 21:08:01.049355",std_d18O,CoWSstd2,0.197956607277658
2650,"2017-09-28 21:08:01.049355",std_d2H,CoWSstd2,0.463608687070326
2650,"2017-09-28 21:08:01.049355",std_H2O,CoWSstd2,45.5322166672008
2650,"2017-09-28 21:08:01.049355",mean_H2O,CoWSstd2,19743.4924327672
2650,"2017-09-28 21:08:01.049355",cows_readytime,CoWSstd2,1200.0
2650,"2017-09-28 21:08:01.049355",mean_d18O,CoWSstd2,-40.2958052840865
2650,"2017-09-28 21:08:01.049355",mean_d2H,CoWSstd2,-202.031062987234
2651,"2017-09-28 21:31:07.730140",flushspeed,str#176,3.16943794755159
2651,"2017-09-28 21:31:07.730140",samplevol,str#176,68.469367980957
2651,"2017-09-28 21:31:07.730140",sourceid,str#176,2.0
2651,"2017-09-28 21:31:07.730140",cows_switchtime,str#176,1020.0
2651,"2017-09-28 21:31:07.730140",std_d18O,str#176,0.17437667055286
2651,"2017-09-28 21:31:07.730140",std_d2H,str#176,0.396136951720907
2651,"2017-09-28 21:31:07.730140",std_H2O,str#176,41.2468680250176
2651,"2017-09-28 21:31:07.730140",mean_H2O,str#176,19847.567535195
2651,"2017-09-28 21:31:07.730140",cows_readytime,str#176,1200.0
2651,"2017-09-28 21:31:07.730140",mean_d18O,str#176,-29.6240231344252
2651,"2017-09-28 21:31:07.730140",mean_d2H,str#176,-121.831160138638
2653,"2017-09-28 21:57:00.235343",flushspeed,str#226,1.49539630696234
2653,"2017-09-28 21:57:00.235343",samplevol,str#226,62.6242065429687
2653,"2017-09-28 21:57:00.235343",sourceid,str#226,3.0
2654,"2017-09-28 22:16:49.896734",flushspeed,gw#195,1.20456181557951
2654,"2017-09-28 22:16:49.896734",samplevol,gw#195,60.8978271484375
2653,"2017-09-28 21:57:00.235343",cows_switchtime,str#226,1020.0
2653,"2017-09-28 21:57:00.235343",std_d18O,str#226,0.191421058258056
2653,"2017-09-28 21:57:00.235343",std_d2H,str#226,0.401687161062001
2653,"2017-09-28 21:57:00.235343",std_H2O,str#226,99.5138486754738
2653,"2017-09-28 21:57:00.235343",mean_H2O,str#226,19628.793933801
2653,"2017-09-28 21:57:00.235343",cows_readytime,str#226,1200.0
2653,"2017-09-28 21:57:00.235343",mean_d18O,str#226,-29.5413267370279
2653,"2017-09-28 21:57:00.235343",mean_d2H,str#226,-121.443095406968
2654,"2017-09-28 22:16:49.896734",sourceid,gw#195,4.0
2654,"2017-09-28 22:16:49.896734",cows_switchtime,gw#195,1020.0
2654,"2017-09-28 22:16:49.896734",std_d18O,gw#195,0.193558363215256
2654,"2017-09-28 22:16:49.896734",std_d2H,gw#195,0.342950692084309
2654,"2017-09-28 22:16:49.896734",std_H2O,gw#195,51.1364745574865
2654,"2017-09-28 22:16:49.896734",mean_H2O,gw#195,19359.3740681277
2654,"2017-09-28 22:16:49.896734",cows_readytime,gw#195,1200.0
2654,"2017-09-28 22:16:49.896734",mean_d18O,gw#195,-29.3158437084684
2654,"2017-09-28 22:16:49.896734",mean_d2H,gw#195,-119.522910758842
2655,"2017-09-28 22:33:52.162075",cows_switchtime,CoWSstd1,1020.0
2655,"2017-09-28 22:33:52.162075",std_d18O,CoWSstd1,0.169881654557064
2655,"2017-09-28 22:33:52.162075",std_d2H,CoWSstd1,0.410573877563575
2655,"2017-09-28 22:33:52.162075",std_H2O,CoWSstd1,63.8681759873876
2655,"2017-09-28 22:33:52.162075",mean_H2O,CoWSstd1,19661.8210965971
2655,"2017-09-28 22:33:52.162075",cows_readytime,CoWSstd1,1200.0
2655,"2017-09-28 22:33:52.162075",mean_d18O,CoWSstd1,-19.4628416556759
2655,"2017-09-28 22:33:52.162075",mean_d2H,CoWSstd1,-73.7330043298342
2656,"2017-09-28 22:54:16.355548",flushspeed,str#176,3.92154615882363
2656,"2017-09-28 22:54:16.355548",samplevol,str#176,75.2583923339844
2656,"2017-09-28 22:54:16.355548",sourceid,str#176,2.0
2656,"2017-09-28 22:54:16.355548",cows_switchtime,str#176,1020.0
2656,"2017-09-28 22:54:16.355548",std_d18O,str#176,0.176156365489297
2656,"2017-09-28 22:54:16.355548",std_d2H,str#176,0.373284517385823
2656,"2017-09-28 22:54:16.355548",std_H2O,str#176,68.1852329780285
2656,"2017-09-28 22:54:16.355548",mean_H2O,str#176,19650.038943522
2656,"2017-09-28 22:54:16.355548",cows_readytime,str#176,1200.0
2656,"2017-09-28 22:54:16.355548",mean_d18O,str#176,-29.4380071605401
2656,"2017-09-28 22:54:16.355548",mean_d2H,str#176,-120.514108706274
2658,"2017-09-28 23:18:31.223356",flushspeed,gw#233,1.59112915956884
2658,"2017-09-28 23:18:31.223356",samplevol,gw#233,63.4860534667969
2658,"2017-09-28 23:18:31.223356",sourceid,gw#233,8.0
2658,"2017-09-28 23:18:31.223356",cows_switchtime,gw#233,1020.0
2658,"2017-09-28 23:18:31.223356",std_d18O,gw#233,0.167915420559594
2658,"2017-09-28 23:18:31.223356",std_d2H,gw#233,0.355391444276138
2658,"2017-09-28 23:18:31.223356",std_H2O,gw#233,71.7110600161675
2658,"2017-09-28 23:18:31.223356",mean_H2O,gw#233,19577.5259848067
2658,"2017-09-28 23:18:31.223356",cows_readytime,gw#233,1200.0
2658,"2017-09-28 23:18:31.223356",mean_d18O,gw#233,-29.3953209284569
2658,"2017-09-28 23:18:31.223356",mean_d2H,gw#233,-120.276737102271
2659,"2017-09-28 23:40:15.364856",flushspeed,str#226,1.67868765950635
2659,"2017-09-28 23:40:15.364856",samplevol,str#226,71.7890777587891
2659,"2017-09-28 23:40:15.364856",sourceid,str#226,3.0
2659,"2017-09-28 23:40:15.364856",cows_switchtime,str#226,1020.0
2659,"2017-09-28 23:40:15.364856",std_d18O,str#226,0.191586935196291
2659,"2017-09-28 23:40:15.364856",std_d2H,str#226,0.353306452657653
2659,"2017-09-28 23:40:15.364856",std_H2O,str#226,45.9665833261755
2659,"2017-09-28 23:40:15.364856",mean_H2O,str#226,19942.2407342684
2659,"2017-09-28 23:40:15.364856",cows_readytime,str#226,1200.0
2659,"2017-09-28 23:40:15.364856",mean_d18O,str#226,-29.5464808238033
2659,"2017-09-28 23:40:15.364856",mean_d2H,str#226,-121.180888601689
2661,"2017-09-28 23:59:47.073729",cows_switchtime,CoWSstd2,1020.0
2661,"2017-09-28 23:59:47.073729",std_d18O,CoWSstd2,0.194127492033858
2661,"2017-09-28 23:59:47.073729",std_d2H,CoWSstd2,0.354579408344801
2661,"2017-09-28 23:59:47.073729",std_H2O,CoWSstd2,88.6342489973517
2661,"2017-09-28 23:59:47.073729",mean_H2O,CoWSstd2,19701.0145716018
2661,"2017-09-28 23:59:47.073729",cows_readytime,CoWSstd2,1200.0
2661,"2017-09-28 23:59:47.073729",mean_d18O,CoWSstd2,-40.2141756017482
2661,"2017-09-28 23:59:47.073729",mean_d2H,CoWSstd2,-201.478912027026
2662,"2017-09-29 00:23:03.810448",flushspeed,str#176,2.57416872828563
2662,"2017-09-29 00:23:03.810448",samplevol,str#176,64.5524291992188
2662,"2017-09-29 00:23:03.810448",sourceid,str#176,2.0
2662,"2017-09-29 00:23:03.810448",cows_switchtime,str#176,1020.0
2662,"2017-09-29 00:23:03.810448",std_d18O,str#176,0.176396127638835
2662,"2017-09-29 00:23:03.810448",std_d2H,str#176,0.356253343697701
2662,"2017-09-29 00:23:03.810448",std_H2O,str#176,43.7357430407427
2662,"2017-09-29 00:23:03.810448",mean_H2O,str#176,19696.3920928634
2662,"2017-09-29 00:23:03.810448",cows_readytime,str#176,1200.0
2662,"2017-09-29 00:23:03.810448",mean_d18O,str#176,-29.6095742326669
2662,"2017-09-29 00:23:03.810448",mean_d2H,str#176,-122.005361579851
2664,"2017-09-29 00:48:31.215142",flushspeed,str#226,1.56288453478361
2664,"2017-09-29 00:48:31.215142",samplevol,str#226,68.8575668334961
2664,"2017-09-29 00:48:31.215142",sourceid,str#226,3.0
2665,"2017-09-29 01:08:22.637599",flushspeed,gw#195,1.33311241206854
2665,"2017-09-29 01:08:22.637599",samplevol,gw#195,69.8270950317383
2664,"2017-09-29 00:48:31.215142",cows_switchtime,str#226,1020.0
2664,"2017-09-29 00:48:31.215142",std_d18O,str#226,0.182684506636261
2664,"2017-09-29 00:48:31.215142",std_d2H,str#226,0.366017692376675
2664,"2017-09-29 00:48:31.215142",std_H2O,str#226,25.98080911812
2664,"2017-09-29 00:48:31.215142",mean_H2O,str#226,19827.648999569
2664,"2017-09-29 00:48:31.215142",cows_readytime,str#226,1200.0
2664,"2017-09-29 00:48:31.215142",mean_d18O,str#226,-29.5913089254221
2664,"2017-09-29 00:48:31.215142",mean_d2H,str#226,-121.396427293766
2665,"2017-09-29 01:08:22.637599",sourceid,gw#195,4.0
2665,"2017-09-29 01:08:22.637599",cows_switchtime,gw#195,1020.0
2665,"2017-09-29 01:08:22.637599",std_d18O,gw#195,0.203009584215221
2665,"2017-09-29 01:08:22.637599",std_d2H,gw#195,0.432933761513926
2665,"2017-09-29 01:08:22.637599",std_H2O,gw#195,114.094038727562
2665,"2017-09-29 01:08:22.637599",mean_H2O,gw#195,19609.0698616761
2665,"2017-09-29 01:08:22.637599",cows_readytime,gw#195,1200.0
2665,"2017-09-29 01:08:22.637599",mean_d18O,gw#195,-29.2698402986832
2665,"2017-09-29 01:08:22.637599",mean_d2H,gw#195,-119.453959302419
2666,"2017-09-29 01:25:24.414131",cows_switchtime,CoWSstd1,1020.0
2666,"2017-09-29 01:25:24.414131",std_d18O,CoWSstd1,0.200494826489659
2666,"2017-09-29 01:25:24.414131",std_d2H,CoWSstd1,0.454213551317204
2666,"2017-09-29 01:25:24.414131",std_H2O,CoWSstd1,35.7087841181924
2666,"2017-09-29 01:25:24.414131",mean_H2O,CoWSstd1,19806.3172528118
2666,"2017-09-29 01:25:24.414131",cows_readytime,CoWSstd1,1200.0
2666,"2017-09-29 01:25:24.414131",mean_d18O,CoWSstd1,-19.3899750576724
2666,"2017-09-29 01:25:24.414131",mean_d2H,CoWSstd1,-73.8389176572794
2667,"2017-09-29 01:46:22.258127",flushspeed,str#176,2.93235783947156
2667,"2017-09-29 01:46:22.258127",samplevol,str#176,65.3065414428711
2667,"2017-09-29 01:46:22.258127",sourceid,str#176,2.0
2667,"2017-09-29 01:46:22.258127",cows_switchtime,str#176,1020.0
2667,"2017-09-29 01:46:22.258127",std_d18O,str#176,0.201263285783953
2667,"2017-09-29 01:46:22.258127",std_d2H,str#176,0.390279827365573
2667,"2017-09-29 01:46:22.258127",std_H2O,str#176,73.3504532201224
2667,"2017-09-29 01:46:22.258127",mean_H2O,str#176,19957.5600568331
2667,"2017-09-29 01:46:22.258127",cows_readytime,str#176,1200.0
2667,"2017-09-29 01:46:22.258127",mean_d18O,str#176,-29.6121645692286
2667,"2017-09-29 01:46:22.258127",mean_d2H,str#176,-120.685399508504
2669,"2017-09-29 02:10:36.003213",flushspeed,gw#233,1.78641089731658
2669,"2017-09-29 02:10:36.003213",samplevol,gw#233,70.782958984375
2669,"2017-09-29 02:10:36.003213",sourceid,gw#233,8.0
2669,"2017-09-29 02:10:36.003213",cows_switchtime,gw#233,1020.0
2669,"2017-09-29 02:10:36.003213",std_d18O,gw#233,0.201740767465858
2669,"2017-09-29 02:10:36.003213",std_d2H,gw#233,0.385274597328268
2669,"2017-09-29 02:10:36.003213",std_H2O,gw#233,23.3484180680904
2669,"2017-09-29 02:10:36.003213",mean_H2O,gw#233,19674.7977473664
2669,"2017-09-29 02:10:36.003213",cows_readytime,gw#233,1200.0
2669,"2017-09-29 02:10:36.003213",mean_d18O,gw#233,-29.3743580248409
2669,"2017-09-29 02:10:36.003213",mean_d2H,gw#233,-120.204079007463
2670,"2017-09-29 02:32:18.187960",flushspeed,str#226,1.68995790281248
2670,"2017-09-29 02:32:18.187960",samplevol,str#226,72.8118362426758
2670,"2017-09-29 02:32:18.187960",sourceid,str#226,3.0
2670,"2017-09-29 02:32:18.187960",cows_switchtime,str#226,1020.0
2670,"2017-09-29 02:32:18.187960",std_d18O,str#226,0.177346682377534
2670,"2017-09-29 02:32:18.187960",std_d2H,str#226,0.353414980800893
2670,"2017-09-29 02:32:18.187960",std_H2O,str#226,31.8880008165627
2670,"2017-09-29 02:32:18.187960",mean_H2O,str#226,19893.0730977463
2670,"2017-09-29 02:32:18.187960",cows_readytime,str#226,1200.0
2670,"2017-09-29 02:32:18.187960",mean_d18O,str#226,-29.4693539587629
2670,"2017-09-29 02:32:18.187960",mean_d2H,str#226,-120.883093548684
2672,"2017-09-29 02:51:45.817076",cows_switchtime,CoWSstd2,1020.0
2672,"2017-09-29 02:51:45.817076",std_d18O,CoWSstd2,0.162969181536393
2672,"2017-09-29 02:51:45.817076",std_d2H,CoWSstd2,0.386685711411238
2672,"2017-09-29 02:51:45.817076",std_H2O,CoWSstd2,148.867842772134
2672,"2017-09-29 02:51:45.817076",mean_H2O,CoWSstd2,19853.4714975661
2672,"2017-09-29 02:51:45.817076",cows_readytime,CoWSstd2,1200.0
2672,"2017-09-29 02:51:45.817076",mean_d18O,CoWSstd2,-40.1459339278011
2672,"2017-09-29 02:51:45.817076",mean_d2H,CoWSstd2,-201.477865533867
2674,"2017-09-29 03:16:01.808941",flushspeed,str#176,2.73470646849455
2674,"2017-09-29 03:16:01.808941",samplevol,str#176,67.5773315429688
2674,"2017-09-29 03:16:01.808941",sourceid,str#176,2.0
2674,"2017-09-29 03:16:01.808941",cows_switchtime,str#176,1020.0
2674,"2017-09-29 03:16:01.808941",std_d18O,str#176,0.178831268491475
2674,"2017-09-29 03:16:01.808941",std_d2H,str#176,0.362470791804026
2674,"2017-09-29 03:16:01.808941",std_H2O,str#176,79.6100957799029
2674,"2017-09-29 03:16:01.808941",mean_H2O,str#176,19810.7080311942
2674,"2017-09-29 03:16:01.808941",cows_readytime,str#176,1200.0
2674,"2017-09-29 03:16:01.808941",mean_d18O,str#176,-29.6627133666888
2674,"2017-09-29 03:16:01.808941",mean_d2H,str#176,-122.145726612674
2675,"2017-09-29 03:39:07.544958",flushspeed,str#226,1.84722380204634
2675,"2017-09-29 03:39:07.544958",samplevol,str#226,74.7756195068359
2675,"2017-09-29 03:39:07.544958",sourceid,str#226,3.0
2676,"2017-09-29 03:58:52.349173",flushspeed,gw#195,1.40445537869159
2676,"2017-09-29 03:58:52.349173",samplevol,gw#195,70.6904525756836
2675,"2017-09-29 03:39:07.544958",cows_switchtime,str#226,1020.0
2675,"2017-09-29 03:39:07.544958",std_d18O,str#226,0.190231941288836
2675,"2017-09-29 03:39:07.544958",std_d2H,str#226,0.34275453061532
2675,"2017-09-29 03:39:07.544958",std_H2O,str#226,95.3466173123336
2675,"2017-09-29 03:39:07.544958",mean_H2O,str#226,19947.6851567195
2675,"2017-09-29 03:39:07.544958",cows_readytime,str#226,1200.0
2675,"2017-09-29 03:39:07.544958",mean_d18O,str#226,-29.6165138805295
2675,"2017-09-29 03:39:07.544958",mean_d2H,str#226,-121.744559972403
2676,"2017-09-29 03:58:52.349173",sourceid,gw#195,4.0
2676,"2017-09-29 03:58:52.349173",cows_switchtime,gw#195,1020.0
2676,"2017-09-29 03:58:52.349173",std_d18O,gw#195,0.168328874205954
2676,"2017-09-29 03:58:52.349173",std_d2H,gw#195,0.359569905567501
2676,"2017-09-29 03:58:52.349173",std_H2O,gw#195,100.799041186527
2676,"2017-09-29 03:58:52.349173",mean_H2O,gw#195,19448.5911638702
2676,"2017-09-29 03:58:52.349173",cows_readytime,gw#195,1200.0
2676,"2017-09-29 03:58:52.349173",mean_d18O,gw#195,-29.2756939417072
2676,"2017-09-29 03:58:52.349173",mean_d2H,gw#195,-119.920990829394
2677,"2017-09-29 04:15:54.194465",cows_switchtime,CoWSstd1,1020.0
2677,"2017-09-29 04:15:54.194465",std_d18O,CoWSstd1,0.170821356741983
2677,"2017-09-29 04:15:54.194465",std_d2H,CoWSstd1,0.420447402537501
2677,"2017-09-29 04:15:54.194465",std_H2O,CoWSstd1,50.7498988029747
2677,"2017-09-29 04:15:54.194465",mean_H2O,CoWSstd1,19649.3549596929
2677,"2017-09-29 04:15:54.194465",cows_readytime,CoWSstd1,1200.0
2677,"2017-09-29 04:15:54.194465",mean_d18O,CoWSstd1,-19.4642288371807
2677,"2017-09-29 04:15:54.194465",mean_d2H,CoWSstd1,-74.0068678128278
2679,"2017-09-29 04:38:37.001623",flushspeed,str#176,3.33296256112999
2679,"2017-09-29 04:38:37.001623",samplevol,str#176,75.0749816894531
2679,"2017-09-29 04:38:37.001623",sourceid,str#176,2.0
2679,"2017-09-29 04:38:37.001623",cows_switchtime,str#176,1020.0
2679,"2017-09-29 04:38:37.001623",std_d18O,str#176,0.182607384107625
2679,"2017-09-29 04:38:37.001623",std_d2H,str#176,0.409539348494781
2679,"2017-09-29 04:38:37.001623",std_H2O,str#176,134.87233240296
2679,"2017-09-29 04:38:37.001623",mean_H2O,str#176,19709.2100789893
2679,"2017-09-29 04:38:37.001623",cows_readytime,str#176,1200.0
2679,"2017-09-29 04:38:37.001623",mean_d18O,str#176,-29.4345102258579
2679,"2017-09-29 04:38:37.001623",mean_d2H,str#176,-120.701350285774
2680,"2017-09-29 05:00:41.957537",flushspeed,gw#233,1.57846164268035
2680,"2017-09-29 05:00:41.957537",samplevol,gw#233,61.5505332946777
2680,"2017-09-29 05:00:41.957537",sourceid,gw#233,8.0
2680,"2017-09-29 05:00:41.957537",cows_switchtime,gw#233,1020.0
2680,"2017-09-29 05:00:41.957537",std_d18O,gw#233,0.188090447729573
2680,"2017-09-29 05:00:41.957537",std_d2H,gw#233,0.367783226973038
2680,"2017-09-29 05:00:41.957537",std_H2O,gw#233,71.4304619184177
2680,"2017-09-29 05:00:41.957537",mean_H2O,gw#233,19840.0383993039
2680,"2017-09-29 05:00:41.957537",cows_readytime,gw#233,1200.0
2680,"2017-09-29 05:00:41.957537",mean_d18O,gw#233,-29.3583391934122
2680,"2017-09-29 05:00:41.957537",mean_d2H,gw#233,-119.983850753185
2681,"2017-09-29 05:21:53.343352",flushspeed,str#226,1.54822861495025
2681,"2017-09-29 05:21:53.343352",samplevol,str#226,64.9528350830078
2681,"2017-09-29 05:21:53.343352",sourceid,str#226,3.0
2681,"2017-09-29 05:21:53.343352",cows_switchtime,str#226,1020.0
2681,"2017-09-29 05:21:53.343352",std_d18O,str#226,0.192992396522957
2681,"2017-09-29 05:21:53.343352",std_d2H,str#226,0.370227783428647
2681,"2017-09-29 05:21:53.343352",std_H2O,str#226,87.132405977244
2681,"2017-09-29 05:21:53.343352",mean_H2O,str#226,19815.0209671175
2681,"2017-09-29 05:21:53.343352",cows_readytime,str#226,1200.0
2681,"2017-09-29 05:21:53.343352",mean_d18O,str#226,-29.5634346392159
2681,"2017-09-29 05:21:53.343352",mean_d2H,str#226,-121.016565297402
2683,"2017-09-29 05:41:20.157831",cows_switchtime,CoWSstd2,1020.0
2683,"2017-09-29 05:41:20.157831",std_d18O,CoWSstd2,0.170961122635061
2683,"2017-09-29 05:41:20.157831",std_d2H,CoWSstd2,0.377365123534612
2683,"2017-09-29 05:41:20.157831",std_H2O,CoWSstd2,69.080660664321
2683,"2017-09-29 05:41:20.157831",mean_H2O,CoWSstd2,19780.7436580634
2683,"2017-09-29 05:41:20.157831",cows_readytime,CoWSstd2,1200.0
2683,"2017-09-29 05:41:20.157831",mean_d18O,CoWSstd2,-40.1288046934832
2683,"2017-09-29 05:41:20.157831",mean_d2H,CoWSstd2,-201.811556978448
2685,"2017-09-29 06:03:22.810113",flushspeed,str#176,2.97453279823272
2685,"2017-09-29 06:03:22.810113",samplevol,str#176,66.7604141235352
2685,"2017-09-29 06:03:22.810113",sourceid,str#176,2.0
2685,"2017-09-29 06:03:22.810113",cows_switchtime,str#176,1020.0
2685,"2017-09-29 06:03:22.810113",std_d18O,str#176,0.190452865163225
2685,"2017-09-29 06:03:22.810113",std_d2H,str#176,0.380362758466946
2685,"2017-09-29 06:03:22.810113",std_H2O,str#176,51.2716031165186
2685,"2017-09-29 06:03:22.810113",mean_H2O,str#176,19624.715233977
2685,"2017-09-29 06:03:22.810113",cows_readytime,str#176,1200.0
2685,"2017-09-29 06:03:22.810113",mean_d18O,str#176,-29.6481893150997
2685,"2017-09-29 06:03:22.810113",mean_d2H,str#176,-122.270671954577
2686,"2017-09-29 06:26:36.019117",flushspeed,str#226,1.59084598128713
2686,"2017-09-29 06:26:36.019117",samplevol,str#226,66.7837142944336
2686,"2017-09-29 06:26:36.019117",sourceid,str#226,3.0
2687,"2017-09-29 06:46:26.036163",flushspeed,gw#195,1.28487351457553
2687,"2017-09-29 06:46:26.036163",samplevol,gw#195,65.9975280761719
2686,"2017-09-29 06:26:36.019117",cows_switchtime,str#226,1020.0
2686,"2017-09-29 06:26:36.019117",std_d18O,str#226,0.19154769899646
2686,"2017-09-29 06:26:36.019117",std_d2H,str#226,0.406532173981501
2686,"2017-09-29 06:26:36.019117",std_H2O,str#226,117.487101680297
2686,"2017-09-29 06:26:36.019117",mean_H2O,str#226,19805.0182363225
2686,"2017-09-29 06:26:36.019117",cows_readytime,str#226,1200.0
2686,"2017-09-29 06:26:36.019117",mean_d18O,str#226,-29.5954317697882
2686,"2017-09-29 06:26:36.019117",mean_d2H,str#226,-121.516314289909
2687,"2017-09-29 06:46:26.036163",sourceid,gw#195,4.0
2687,"2017-09-29 06:46:26.036163",cows_switchtime,gw#195,1020.0
2687,"2017-09-29 06:46:26.036163",std_d18O,gw#195,0.180123198636405
2687,"2017-09-29 06:46:26.036163",std_d2H,gw#195,0.405095416849644
2687,"2017-09-29 06:46:26.036163",std_H2O,gw#195,238.83957749924
2687,"2017-09-29 06:46:26.036163",mean_H2O,gw#195,19149.6777995328
2687,"2017-09-29 06:46:26.036163",cows_readytime,gw#195,1200.0
2687,"2017-09-29 06:46:26.036163",mean_d18O,gw#195,-29.328776776246
2687,"2017-09-29 06:46:26.036163",mean_d2H,gw#195,-119.944112844164
2688,"2017-09-29 07:03:28.246767",cows_switchtime,CoWSstd1,1020.0
2688,"2017-09-29 07:03:28.246767",std_d18O,CoWSstd1,0.204885536420909
2688,"2017-09-29 07:03:28.246767",std_d2H,CoWSstd1,0.407940898653976
2688,"2017-09-29 07:03:28.246767",std_H2O,CoWSstd1,72.6668236291653
2688,"2017-09-29 07:03:28.246767",mean_H2O,CoWSstd1,19600.7953905046
2688,"2017-09-29 07:03:28.246767",cows_readytime,CoWSstd1,1200.0
2688,"2017-09-29 07:03:28.246767",mean_d18O,CoWSstd1,-19.4424777877219
2688,"2017-09-29 07:03:28.246767",mean_d2H,CoWSstd1,-73.7619388714674
2690,"2017-09-29 07:25:32.563359",flushspeed,str#176,3.11071384838174
2690,"2017-09-29 07:25:32.563359",samplevol,str#176,70.4296722412109
2690,"2017-09-29 07:25:32.563359",sourceid,str#176,2.0
2690,"2017-09-29 07:25:32.563359",cows_switchtime,str#176,1020.0
2690,"2017-09-29 07:25:32.563359",std_d18O,str#176,0.198940201822653
2690,"2017-09-29 07:25:32.563359",std_d2H,str#176,0.354162180926415
2690,"2017-09-29 07:25:32.563359",std_H2O,str#176,21.7125919247507
2690,"2017-09-29 07:25:32.563359",mean_H2O,str#176,19627.3607872567
2690,"2017-09-29 07:25:32.563359",cows_readytime,str#176,1200.0
2690,"2017-09-29 07:25:32.563359",mean_d18O,str#176,-29.548729246651
2690,"2017-09-29 07:25:32.563359",mean_d2H,str#176,-120.713128012363
2691,"2017-09-29 07:47:37.155724",flushspeed,gw#233,1.84296527611195
2691,"2017-09-29 07:47:37.155724",samplevol,gw#233,66.2048416137695
2691,"2017-09-29 07:47:37.155724",sourceid,gw#233,8.0
2691,"2017-09-29 07:47:37.155724",cows_switchtime,gw#233,1020.0
2691,"2017-09-29 07:47:37.155724",std_d18O,gw#233,0.188500657158818
2691,"2017-09-29 07:47:37.155724",std_d2H,gw#233,0.396645977212232
2691,"2017-09-29 07:47:37.155724",std_H2O,gw#233,27.4395277148597
2691,"2017-09-29 07:47:37.155724",mean_H2O,gw#233,19617.6400499898
2691,"2017-09-29 07:47:37.155724",cows_readytime,gw#233,1200.0
2691,"2017-09-29 07:47:37.155724",mean_d18O,gw#233,-29.4579032785379
2691,"2017-09-29 07:47:37.155724",mean_d2H,gw#233,-120.328137516214
2692,"2017-09-29 08:08:42.256925",flushspeed,str#226,1.64677272605998
2692,"2017-09-29 08:08:42.256925",samplevol,str#226,64.5551376342773
2692,"2017-09-29 08:08:42.256925",sourceid,str#226,3.0
2692,"2017-09-29 08:08:42.256925",cows_switchtime,str#226,1020.0
2692,"2017-09-29 08:08:42.256925",std_d18O,str#226,0.180002497885348
2692,"2017-09-29 08:08:42.256925",std_d2H,str#226,0.363284612681381
2692,"2017-09-29 08:08:42.256925",std_H2O,str#226,20.9373177307482
2692,"2017-09-29 08:08:42.256925",mean_H2O,str#226,19710.334286144
2692,"2017-09-29 08:08:42.256925",cows_readytime,str#226,1200.0
2692,"2017-09-29 08:08:42.256925",mean_d18O,str#226,-29.5115019043031
2692,"2017-09-29 08:08:42.256925",mean_d2H,str#226,-121.092487803017
2694,"2017-09-29 08:28:08.717275",cows_switchtime,CoWSstd2,1020.0
2694,"2017-09-29 08:28:08.717275",std_d18O,CoWSstd2,0.181192267700967
2694,"2017-09-29 08:28:08.717275",std_d2H,CoWSstd2,0.415341860924133
2694,"2017-09-29 08:28:08.717275",std_H2O,CoWSstd2,19.3601093616195
2694,"2017-09-29 08:28:08.717275",mean_H2O,CoWSstd2,19599.938486634
2694,"2017-09-29 08:28:08.717275",cows_readytime,CoWSstd2,1200.0
2694,"2017-09-29 08:28:08.717275",mean_d18O,CoWSstd2,-40.3199478816689
2694,"2017-09-29 08:28:08.717275",mean_d2H,CoWSstd2,-202.228848632949
2696,"2017-09-29 08:50:12.353058",flushspeed,str#176,2.92396959798927
2696,"2017-09-29 08:50:12.353058",samplevol,str#176,67.292236328125
2696,"2017-09-29 08:50:12.353058",sourceid,str#176,2.0
2696,"2017-09-29 08:50:12.353058",cows_switchtime,str#176,1020.0
2696,"2017-09-29 08:50:12.353058",std_d18O,str#176,0.171892756798331
2696,"2017-09-29 08:50:12.353058",std_d2H,str#176,0.373266437873105
2696,"2017-09-29 08:50:12.353058",std_H2O,str#176,80.3774348862982
2696,"2017-09-29 08:50:12.353058",mean_H2O,str#176,19690.8883125179
2696,"2017-09-29 08:50:12.353058",cows_readytime,str#176,1200.0
2696,"2017-09-29 08:50:12.353058",mean_d18O,str#176,-29.6434429658012
2696,"2017-09-29 08:50:12.353058",mean_d2H,str#176,-122.275542764146
2697,"2017-09-29 09:13:20.346064",flushspeed,str#226,1.8286616828277
2697,"2017-09-29 09:13:20.346064",samplevol,str#226,70.5973129272461
2697,"2017-09-29 09:13:20.346064",sourceid,str#226,3.0
2698,"2017-09-29 09:32:56.840762",flushspeed,gw#195,1.57479771250221
2698,"2017-09-29 09:32:56.840762",samplevol,gw#195,73.4548645019531
2697,"2017-09-29 09:13:20.346064",cows_switchtime,str#226,1020.0
2697,"2017-09-29 09:13:20.346064",std_d18O,str#226,0.185902580430344
2697,"2017-09-29 09:13:20.346064",std_d2H,str#226,0.378448579076536
2697,"2017-09-29 09:13:20.346064",std_H2O,str#226,12.7763466472447
2697,"2017-09-29 09:13:20.346064",mean_H2O,str#226,19672.4554264071
2697,"2017-09-29 09:13:20.346064",cows_readytime,str#226,1200.0
2697,"2017-09-29 09:13:20.346064",mean_d18O,str#226,-29.6407617465778
2697,"2017-09-29 09:13:20.346064",mean_d2H,str#226,-121.630889831206
2698,"2017-09-29 09:32:56.840762",sourceid,gw#195,4.0
2698,"2017-09-29 09:32:56.840762",cows_switchtime,gw#195,1020.0
2698,"2017-09-29 09:32:56.840762",std_d18O,gw#195,0.196302050777848
2698,"2017-09-29 09:32:56.840762",std_d2H,gw#195,0.408688705052332
2698,"2017-09-29 09:32:56.840762",std_H2O,gw#195,63.3159176770945
2698,"2017-09-29 09:32:56.840762",mean_H2O,gw#195,19180.5670935594
2698,"2017-09-29 09:32:56.840762",cows_readytime,gw#195,1200.0
2698,"2017-09-29 09:32:56.840762",mean_d18O,gw#195,-29.2908132369927
2698,"2017-09-29 09:32:56.840762",mean_d2H,gw#195,-119.966323762209
2699,"2017-09-29 09:49:57.667021",cows_switchtime,CoWSstd1,1020.0
2699,"2017-09-29 09:49:57.667021",std_d18O,CoWSstd1,0.177355034273813
2699,"2017-09-29 09:49:57.667021",std_d2H,CoWSstd1,0.392286647659061
2699,"2017-09-29 09:49:57.667021",std_H2O,CoWSstd1,72.9147010351655
2699,"2017-09-29 09:49:57.667021",mean_H2O,CoWSstd1,19660.143750046
2699,"2017-09-29 09:49:57.667021",cows_readytime,CoWSstd1,1200.0
2699,"2017-09-29 09:49:57.667021",mean_d18O,CoWSstd1,-19.493133511736
2699,"2017-09-29 09:49:57.667021",mean_d2H,CoWSstd1,-73.8479147028837
2701,"2017-09-29 10:12:38.604374",flushspeed,str#176,2.97165510976191
2701,"2017-09-29 10:12:38.604374",samplevol,str#176,68.7046661376953
2701,"2017-09-29 10:12:38.604374",sourceid,str#176,2.0
2701,"2017-09-29 10:12:38.604374",cows_switchtime,str#176,1020.0
2701,"2017-09-29 10:12:38.604374",std_d18O,str#176,0.193684120816365
2701,"2017-09-29 10:12:38.604374",std_d2H,str#176,0.409932833133761
2701,"2017-09-29 10:12:38.604374",std_H2O,str#176,109.343362353084
2701,"2017-09-29 10:12:38.604374",mean_H2O,str#176,19621.8748867295
2701,"2017-09-29 10:12:38.604374",cows_readytime,str#176,1200.0
2701,"2017-09-29 10:12:38.604374",mean_d18O,str#176,-29.5826541599012
2701,"2017-09-29 10:12:38.604374",mean_d2H,str#176,-120.839286043473
2702,"2017-09-29 10:34:34.770136",flushspeed,gw#233,1.7928421919108
2702,"2017-09-29 10:34:34.770136",samplevol,gw#233,62.8355331420898
2702,"2017-09-29 10:34:34.770136",sourceid,gw#233,8.0
2702,"2017-09-29 10:34:34.770136",cows_switchtime,gw#233,1020.0
2702,"2017-09-29 10:34:34.770136",std_d18O,gw#233,0.199147665743549
2702,"2017-09-29 10:34:34.770136",std_d2H,gw#233,0.339732673457968
2702,"2017-09-29 10:34:34.770136",std_H2O,gw#233,64.166216041086
2702,"2017-09-29 10:34:34.770136",mean_H2O,gw#233,19786.860538329
2702,"2017-09-29 10:34:34.770136",cows_readytime,gw#233,1200.0
2702,"2017-09-29 10:34:34.770136",mean_d18O,gw#233,-29.3779702539072
2702,"2017-09-29 10:34:34.770136",mean_d2H,gw#233,-120.192036737577
2703,"2017-09-29 10:55:18.008349",flushspeed,str#226,1.67353876762515
2703,"2017-09-29 10:55:18.008349",samplevol,str#226,61.6481475830078
2703,"2017-09-29 10:55:18.008349",sourceid,str#226,3.0
2703,"2017-09-29 10:55:18.008349",cows_switchtime,str#226,1020.0
2703,"2017-09-29 10:55:18.008349",std_d18O,str#226,0.209503410229973
2703,"2017-09-29 10:55:18.008349",std_d2H,str#226,0.400714886837581
2703,"2017-09-29 10:55:18.008349",std_H2O,str#226,28.1177724655246
2703,"2017-09-29 10:55:18.008349",mean_H2O,str#226,19885.1671443126
2703,"2017-09-29 10:55:18.008349",cows_readytime,str#226,1200.0
2703,"2017-09-29 10:55:18.008349",mean_d18O,str#226,-29.6429113279124
2703,"2017-09-29 10:55:18.008349",mean_d2H,str#226,-121.357387210028
2706,"2017-09-29 11:17:38.474343",cows_switchtime,CoWSstd2,1020.0
2706,"2017-09-29 11:17:38.474343",std_d18O,CoWSstd2,0.181784982442481
2706,"2017-09-29 11:17:38.474343",std_d2H,CoWSstd2,0.343588787900456
2706,"2017-09-29 11:17:38.474343",std_H2O,CoWSstd2,18.6551136583883
2706,"2017-09-29 11:17:38.474343",mean_H2O,CoWSstd2,19659.9856908967
2706,"2017-09-29 11:17:38.474343",cows_readytime,CoWSstd2,1200.0
2706,"2017-09-29 11:17:38.474343",mean_d18O,CoWSstd2,-40.3074910803407
2706,"2017-09-29 11:17:38.474343",mean_d2H,CoWSstd2,-202.085765276806
2707,"2017-09-29 11:41:10.148680",flushspeed,str#176,2.83635540601665
2707,"2017-09-29 11:41:10.148680",samplevol,str#176,62.3884735107422
2707,"2017-09-29 11:41:10.148680",sourceid,str#176,2.0
2707,"2017-09-29 11:41:10.148680",cows_switchtime,str#176,1020.0
2707,"2017-09-29 11:41:10.148680",std_d18O,str#176,0.195494576058745
2707,"2017-09-29 11:41:10.148680",std_d2H,str#176,0.347482726309344
2707,"2017-09-29 11:41:10.148680",std_H2O,str#176,38.1319393193968
2707,"2017-09-29 11:41:10.148680",mean_H2O,str#176,19628.0284553728
2707,"2017-09-29 11:41:10.148680",cows_readytime,str#176,1200.0
2707,"2017-09-29 11:41:10.148680",mean_d18O,str#176,-29.6806434319773
2707,"2017-09-29 11:41:10.148680",mean_d2H,str#176,-122.293726721132
2708,"2017-09-29 12:03:55.605137",flushspeed,str#226,1.74772519071261
2708,"2017-09-29 12:03:55.605137",samplevol,str#226,64.4875640869141
2708,"2017-09-29 12:03:55.605137",sourceid,str#226,3.0
2709,"2017-09-29 12:23:26.502000",flushspeed,gw#195,1.53469712823327
2709,"2017-09-29 12:23:26.502000",samplevol,gw#195,71.041130065918
2708,"2017-09-29 12:03:55.605137",cows_switchtime,str#226,1020.0
2708,"2017-09-29 12:03:55.605137",std_d18O,str#226,0.184537480350992
2708,"2017-09-29 12:03:55.605137",std_d2H,str#226,0.382825015766963
2708,"2017-09-29 12:03:55.605137",std_H2O,str#226,79.6182625562598
2708,"2017-09-29 12:03:55.605137",mean_H2O,str#226,19784.522970425
2708,"2017-09-29 12:03:55.605137",cows_readytime,str#226,1200.0
2708,"2017-09-29 12:03:55.605137",mean_d18O,str#226,-29.6542782467591
2708,"2017-09-29 12:03:55.605137",mean_d2H,str#226,-121.562402326324
2709,"2017-09-29 12:23:26.502000",sourceid,gw#195,4.0
2709,"2017-09-29 12:23:26.502000",cows_switchtime,gw#195,1020.0
2709,"2017-09-29 12:23:26.502000",std_d18O,gw#195,0.200969344744184
2709,"2017-09-29 12:23:26.502000",std_d2H,gw#195,0.397733783746055
2709,"2017-09-29 12:23:26.502000",std_H2O,gw#195,30.3838073189559
2709,"2017-09-29 12:23:26.502000",mean_H2O,gw#195,19602.7859650129
2709,"2017-09-29 12:23:26.502000",cows_readytime,gw#195,1200.0
2709,"2017-09-29 12:23:26.502000",mean_d18O,gw#195,-29.3820537437331
2709,"2017-09-29 12:23:26.502000",mean_d2H,gw#195,-119.79925601611
2711,"2017-09-29 12:42:29.869447",cows_switchtime,CoWSstd1,1020.0
2711,"2017-09-29 12:42:29.869447",std_d18O,CoWSstd1,0.167085056601388
2711,"2017-09-29 12:42:29.869447",std_d2H,CoWSstd1,0.385823133463851
2711,"2017-09-29 12:42:29.869447",std_H2O,CoWSstd1,33.2432772071407
2711,"2017-09-29 12:42:29.869447",mean_H2O,CoWSstd1,19720.6468457182
2711,"2017-09-29 12:42:29.869447",cows_readytime,CoWSstd1,1200.0
2711,"2017-09-29 12:42:29.869447",mean_d18O,CoWSstd1,-19.4568198544786
2711,"2017-09-29 12:42:29.869447",mean_d2H,CoWSstd1,-73.7476999568675
2712,"2017-09-29 13:05:41.493252",flushspeed,str#176,3.12750366518254
2712,"2017-09-29 13:05:41.493252",samplevol,str#176,69.5681915283203
2712,"2017-09-29 13:05:41.493252",sourceid,str#176,2.0
2712,"2017-09-29 13:05:41.493252",cows_switchtime,str#176,1020.0
2712,"2017-09-29 13:05:41.493252",std_d18O,str#176,0.182739133128537
2712,"2017-09-29 13:05:41.493252",std_d2H,str#176,0.40423181341966
2712,"2017-09-29 13:05:41.493252",std_H2O,str#176,42.0413843568152
2712,"2017-09-29 13:05:41.493252",mean_H2O,str#176,19797.13756659
2712,"2017-09-29 13:05:41.493252",cows_readytime,str#176,1200.0
2712,"2017-09-29 13:05:41.493252",mean_d18O,str#176,-29.5896032966051
2712,"2017-09-29 13:05:41.493252",mean_d2H,str#176,-120.798549833694
2713,"2017-09-29 13:27:23.051694",flushspeed,gw#233,1.75078256270168
2713,"2017-09-29 13:27:23.051694",samplevol,gw#233,59.5633735656738
2713,"2017-09-29 13:27:23.051694",sourceid,gw#233,8.0
2713,"2017-09-29 13:27:23.051694",cows_switchtime,gw#233,1020.0
2713,"2017-09-29 13:27:23.051694",std_d18O,gw#233,0.186575658715001
2713,"2017-09-29 13:27:23.051694",std_d2H,gw#233,0.344777412190923
2713,"2017-09-29 13:27:23.051694",std_H2O,gw#233,40.3384534919308
2713,"2017-09-29 13:27:23.051694",mean_H2O,gw#233,19611.2104012192
2713,"2017-09-29 13:27:23.051694",cows_readytime,gw#233,1200.0
2713,"2017-09-29 13:27:23.051694",mean_d18O,gw#233,-29.4047534453908
2713,"2017-09-29 13:27:23.051694",mean_d2H,gw#233,-120.358613061731
2714,"2017-09-29 13:48:31.612285",flushspeed,str#226,1.86027286087653
2714,"2017-09-29 13:48:31.612285",samplevol,str#226,68.9100875854492
2714,"2017-09-29 13:48:31.612285",sourceid,str#226,3.0
2714,"2017-09-29 13:48:31.612285",cows_switchtime,str#226,1020.0
2714,"2017-09-29 13:48:31.612285",std_d18O,str#226,0.177750647363859
2714,"2017-09-29 13:48:31.612285",std_d2H,str#226,0.400502497263162
2714,"2017-09-29 13:48:31.612285",std_H2O,str#226,17.3006381566089
2714,"2017-09-29 13:48:31.612285",mean_H2O,str#226,19612.5843244764
2714,"2017-09-29 13:48:31.612285",cows_readytime,str#226,1200.0
2714,"2017-09-29 13:48:31.612285",mean_d18O,str#226,-29.572016494603
2714,"2017-09-29 13:48:31.612285",mean_d2H,str#226,-121.280904165085
2717,"2017-09-29 14:12:18.136196",cows_switchtime,CoWSstd2,1020.0
2717,"2017-09-29 14:12:18.136196",std_d18O,CoWSstd2,0.185302768210869
2717,"2017-09-29 14:12:18.136196",std_d2H,CoWSstd2,0.340873612247371
2717,"2017-09-29 14:12:18.136196",std_H2O,CoWSstd2,56.6429969718738
2717,"2017-09-29 14:12:18.136196",mean_H2O,CoWSstd2,19394.8902929848
2717,"2017-09-29 14:12:18.136196",cows_readytime,CoWSstd2,1200.0
2717,"2017-09-29 14:12:18.136196",mean_d18O,CoWSstd2,-40.6226128464666
2717,"2017-09-29 14:12:18.136196",mean_d2H,CoWSstd2,-202.572750122003
2718,"2017-09-29 14:35:37.791734",flushspeed,str#176,3.50786628101872
2718,"2017-09-29 14:35:37.791734",samplevol,str#176,64.4009170532227
2718,"2017-09-29 14:35:37.791734",sourceid,str#176,2.0
2718,"2017-09-29 14:35:37.791734",cows_switchtime,str#176,1020.0
2718,"2017-09-29 14:35:37.791734",std_d18O,str#176,0.185971471884329
2718,"2017-09-29 14:35:37.791734",std_d2H,str#176,0.371992826979965
2718,"2017-09-29 14:35:37.791734",std_H2O,str#176,88.3076570415088
2718,"2017-09-29 14:35:37.791734",mean_H2O,str#176,19625.1498065594
2718,"2017-09-29 14:35:37.791734",cows_readytime,str#176,1200.0
2718,"2017-09-29 14:35:37.791734",mean_d18O,str#176,-29.7250339114654
2718,"2017-09-29 14:35:37.791734",mean_d2H,str#176,-122.246560319912
2719,"2017-09-29 14:58:32.390581",flushspeed,str#226,1.75630991753418
2719,"2017-09-29 14:58:32.390581",samplevol,str#226,70.6317596435547
2719,"2017-09-29 14:58:32.390581",sourceid,str#226,3.0
2720,"2017-09-29 15:17:03.774896",flushspeed,Raincollector1,4.79774364952403
2720,"2017-09-29 15:17:03.774896",samplevol,Raincollector1,64.8031234741211
2719,"2017-09-29 14:58:32.390581",cows_switchtime,str#226,1020.0
2719,"2017-09-29 14:58:32.390581",std_d18O,str#226,0.196739423832838
2719,"2017-09-29 14:58:32.390581",std_d2H,str#226,0.386652169929374
2719,"2017-09-29 14:58:32.390581",std_H2O,str#226,30.1780715051391
2719,"2017-09-29 14:58:32.390581",mean_H2O,str#226,19761.9436511973
2719,"2017-09-29 14:58:32.390581",cows_readytime,str#226,1200.0
2719,"2017-09-29 14:58:32.390581",mean_d18O,str#226,-29.7047726213802
2719,"2017-09-29 14:58:32.390581",mean_d2H,str#226,-121.637024818519
2720,"2017-09-29 15:17:03.774896",sourceid,Raincollector1,1.0
2720,"2017-09-29 15:17:03.774896",cows_switchtime,Raincollector1,1020.0
2720,"2017-09-29 15:17:03.774896",std_d18O,Raincollector1,0.217379909957138
2720,"2017-09-29 15:17:03.774896",std_d2H,Raincollector1,0.377713578934891
2720,"2017-09-29 15:17:03.774896",std_H2O,Raincollector1,31.0049239232395
2720,"2017-09-29 15:17:03.774896",mean_H2O,Raincollector1,19775.574416961
2720,"2017-09-29 15:17:03.774896",cows_readytime,Raincollector1,1200.0
2720,"2017-09-29 15:17:03.774896",mean_d18O,Raincollector1,-28.4890163621961
2720,"2017-09-29 15:17:03.774896",mean_d2H,Raincollector1,-110.387788670059
2721,"2017-09-29 15:37:20.268071",flushspeed,gw#195,1.67124430081296
2721,"2017-09-29 15:37:20.268071",samplevol,gw#195,66.0876846313477
2721,"2017-09-29 15:37:20.268071",sourceid,gw#195,4.0
2721,"2017-09-29 15:37:20.268071",cows_switchtime,gw#195,1020.0
2721,"2017-09-29 15:37:20.268071",std_d18O,gw#195,0.181287168357122
2721,"2017-09-29 15:37:20.268071",std_d2H,gw#195,0.416856189459229
2721,"2017-09-29 15:37:20.268071",std_H2O,gw#195,185.988806998509
2721,"2017-09-29 15:37:20.268071",mean_H2O,gw#195,19069.5797045895
2721,"2017-09-29 15:37:20.268071",cows_readytime,gw#195,1200.0
2721,"2017-09-29 15:37:20.268071",mean_d18O,gw#195,-29.3512209763394
2721,"2017-09-29 15:37:20.268071",mean_d2H,gw#195,-119.536762146273
2722,"2017-09-29 15:54:22.354526",cows_switchtime,CoWSstd1,1020.0
2722,"2017-09-29 15:54:22.354526",std_d18O,CoWSstd1,0.167210063437081
2722,"2017-09-29 15:54:22.354526",std_d2H,CoWSstd1,0.385598730105555
2722,"2017-09-29 15:54:22.354526",std_H2O,CoWSstd1,34.5751699564985
2722,"2017-09-29 15:54:22.354526",mean_H2O,CoWSstd1,19654.7331729231
2722,"2017-09-29 15:54:22.354526",cows_readytime,CoWSstd1,1200.0
2722,"2017-09-29 15:54:22.354526",mean_d18O,CoWSstd1,-19.5011888218492
2722,"2017-09-29 15:54:22.354526",mean_d2H,CoWSstd1,-73.7057468246158
2723,"2017-09-29 16:15:05.541629",flushspeed,str#176,3.8030235192414
2723,"2017-09-29 16:15:05.541629",samplevol,str#176,66.8343353271484
2723,"2017-09-29 16:15:05.541629",sourceid,str#176,2.0
2723,"2017-09-29 16:15:05.541629",cows_switchtime,str#176,1020.0
2723,"2017-09-29 16:15:05.541629",std_d18O,str#176,0.210966480673661
2723,"2017-09-29 16:15:05.541629",std_d2H,str#176,0.405482300248555
2723,"2017-09-29 16:15:05.541629",std_H2O,str#176,32.4482504807942
2723,"2017-09-29 16:15:05.541629",mean_H2O,str#176,19593.3006048728
2723,"2017-09-29 16:15:05.541629",cows_readytime,str#176,1200.0
2723,"2017-09-29 16:15:05.541629",mean_d18O,str#176,-29.5627896503273
2723,"2017-09-29 16:15:05.541629",mean_d2H,str#176,-120.612367111225
2724,"2017-09-29 16:37:08.258535",flushspeed,gw#233,2.10779954622631
2724,"2017-09-29 16:37:08.258535",samplevol,gw#233,67.0174865722656
2724,"2017-09-29 16:37:08.258535",sourceid,gw#233,8.0
2724,"2017-09-29 16:37:08.258535",cows_switchtime,gw#233,1020.0
2724,"2017-09-29 16:37:08.258535",std_d18O,gw#233,0.199269680066937
2724,"2017-09-29 16:37:08.258535",std_d2H,gw#233,0.371051153343128
2724,"2017-09-29 16:37:08.258535",std_H2O,gw#233,23.3913956939446
2724,"2017-09-29 16:37:08.258535",mean_H2O,gw#233,19770.7266739155
2724,"2017-09-29 16:37:08.258535",cows_readytime,gw#233,1200.0
2724,"2017-09-29 16:37:08.258535",mean_d18O,gw#233,-29.5292204275846
2724,"2017-09-29 16:37:08.258535",mean_d2H,gw#233,-120.417344813249
2725,"2017-09-29 16:58:22.688180",flushspeed,str#226,1.69129091035393
2725,"2017-09-29 16:58:22.688180",samplevol,str#226,65.8723983764648
2725,"2017-09-29 16:58:22.688180",sourceid,str#226,3.0
2725,"2017-09-29 16:58:22.688180",cows_switchtime,str#226,1020.0
2725,"2017-09-29 16:58:22.688180",std_d18O,str#226,0.18567545946071
2725,"2017-09-29 16:58:22.688180",std_d2H,str#226,0.406619149986545
2725,"2017-09-29 16:58:22.688180",std_H2O,str#226,51.284745220662
2725,"2017-09-29 16:58:22.688180",mean_H2O,str#226,19723.1935803208
2725,"2017-09-29 16:58:22.688180",cows_readytime,str#226,1200.0
2725,"2017-09-29 16:58:22.688180",mean_d18O,str#226,-29.6237558603746
2725,"2017-09-29 16:58:22.688180",mean_d2H,str#226,-121.447370662691
2727,"2017-09-29 17:17:49.680735",cows_switchtime,CoWSstd2,1020.0
2727,"2017-09-29 17:17:49.680735",std_d18O,CoWSstd2,0.196392399449995
2727,"2017-09-29 17:17:49.680735",std_d2H,CoWSstd2,0.406953516844229
2727,"2017-09-29 17:17:49.680735",std_H2O,CoWSstd2,84.6442253983575
2727,"2017-09-29 17:17:49.680735",mean_H2O,CoWSstd2,19850.4411945183
2727,"2017-09-29 17:17:49.680735",cows_readytime,CoWSstd2,1200.0
2727,"2017-09-29 17:17:49.680735",mean_d18O,CoWSstd2,-40.2594453235642
2727,"2017-09-29 17:17:49.680735",mean_d2H,CoWSstd2,-201.992424595016
2728,"2017-09-29 17:40:55.149601",flushspeed,str#176,3.551664912421
2728,"2017-09-29 17:40:55.149601",samplevol,str#176,73.1252288818359
2728,"2017-09-29 17:40:55.149601",sourceid,str#176,2.0
2728,"2017-09-29 17:40:55.149601",cows_switchtime,str#176,1020.0
2728,"2017-09-29 17:40:55.149601",std_d18O,str#176,0.188667201546372
2728,"2017-09-29 17:40:55.149601",std_d2H,str#176,0.409728024957471
2728,"2017-09-29 17:40:55.149601",std_H2O,str#176,96.1896635714647
2728,"2017-09-29 17:40:55.149601",mean_H2O,str#176,19721.8464933963
2728,"2017-09-29 17:40:55.149601",cows_readytime,str#176,1200.0
2728,"2017-09-29 17:40:55.149601",mean_d18O,str#176,-29.6375425598291
2728,"2017-09-29 17:40:55.149601",mean_d2H,str#176,-122.411220108203
2729,"2017-09-29 18:04:12.328994",flushspeed,str#226,1.54041818069421
2729,"2017-09-29 18:04:12.328994",samplevol,str#226,60.6231575012207
2729,"2017-09-29 18:04:12.328994",sourceid,str#226,3.0
2730,"2017-09-29 18:23:49.291207",flushspeed,gw#195,1.25835766755999
2730,"2017-09-29 18:23:49.291207",samplevol,gw#195,58.6835098266602
2729,"2017-09-29 18:04:12.328994",cows_switchtime,str#226,1020.0
2729,"2017-09-29 18:04:12.328994",std_d18O,str#226,0.184615829933561
2729,"2017-09-29 18:04:12.328994",std_d2H,str#226,0.3442307177081
2729,"2017-09-29 18:04:12.328994",std_H2O,str#226,56.1444064878443
2729,"2017-09-29 18:04:12.328994",mean_H2O,str#226,19620.2790236275
2729,"2017-09-29 18:04:12.328994",cows_readytime,str#226,1200.0
2729,"2017-09-29 18:04:12.328994",mean_d18O,str#226,-29.7028667307426
2729,"2017-09-29 18:04:12.328994",mean_d2H,str#226,-122.050099528178
2730,"2017-09-29 18:23:49.291207",sourceid,gw#195,4.0
2730,"2017-09-29 18:23:49.291207",cows_switchtime,gw#195,1020.0
2730,"2017-09-29 18:23:49.291207",std_d18O,gw#195,0.178789427752037
2730,"2017-09-29 18:23:49.291207",std_d2H,gw#195,0.482962982704433
2730,"2017-09-29 18:23:49.291207",std_H2O,gw#195,235.411759635775
2730,"2017-09-29 18:23:49.291207",mean_H2O,gw#195,19314.0952182158
2730,"2017-09-29 18:23:49.291207",cows_readytime,gw#195,1200.0
2730,"2017-09-29 18:23:49.291207",mean_d18O,gw#195,-29.2563992485037
2730,"2017-09-29 18:23:49.291207",mean_d2H,gw#195,-119.980764024073
2731,"2017-09-29 18:40:51.622336",cows_switchtime,CoWSstd1,1020.0
2731,"2017-09-29 18:40:51.622336",std_d18O,CoWSstd1,0.210475630177819
2731,"2017-09-29 18:40:51.622336",std_d2H,CoWSstd1,0.402253933279612
2731,"2017-09-29 18:40:51.622336",std_H2O,CoWSstd1,89.0179910510999
2731,"2017-09-29 18:40:51.622336",mean_H2O,CoWSstd1,19660.5872224118
2731,"2017-09-29 18:40:51.622336",cows_readytime,CoWSstd1,1200.0
2731,"2017-09-29 18:40:51.622336",mean_d18O,CoWSstd1,-19.5276927101223
2731,"2017-09-29 18:40:51.622336",mean_d2H,CoWSstd1,-74.1895640989122
2732,"2017-09-29 19:01:35.501091",flushspeed,str#176,2.96257917179805
2732,"2017-09-29 19:01:35.501091",samplevol,str#176,68.728874206543
2732,"2017-09-29 19:01:35.501091",sourceid,str#176,2.0
2732,"2017-09-29 19:01:35.501091",cows_switchtime,str#176,1020.0
2732,"2017-09-29 19:01:35.501091",std_d18O,str#176,0.220783459189114
2732,"2017-09-29 19:01:35.501091",std_d2H,str#176,0.383193883653605
2732,"2017-09-29 19:01:35.501091",std_H2O,str#176,40.8372403396393
2732,"2017-09-29 19:01:35.501091",mean_H2O,str#176,19845.7813264424
2732,"2017-09-29 19:01:35.501091",cows_readytime,str#176,1200.0
2732,"2017-09-29 19:01:35.501091",mean_d18O,str#176,-29.5698739485706
2732,"2017-09-29 19:01:35.501091",mean_d2H,str#176,-120.984258313119
2733,"2017-09-29 19:22:57.224510",flushspeed,gw#233,2.04264731812023
2733,"2017-09-29 19:22:57.224510",samplevol,gw#233,68.3490219116211
2733,"2017-09-29 19:22:57.224510",sourceid,gw#233,8.0
2733,"2017-09-29 19:22:57.224510",cows_switchtime,gw#233,1020.0
2733,"2017-09-29 19:22:57.224510",std_d18O,gw#233,0.164000104956732
2733,"2017-09-29 19:22:57.224510",std_d2H,gw#233,0.384989852587107
2733,"2017-09-29 19:22:57.224510",std_H2O,gw#233,54.9741035694799
2733,"2017-09-29 19:22:57.224510",mean_H2O,gw#233,20001.6282260335
2733,"2017-09-29 19:22:57.224510",cows_readytime,gw#233,1200.0
2733,"2017-09-29 19:22:57.224510",mean_d18O,gw#233,-29.5398550203172
2733,"2017-09-29 19:22:57.224510",mean_d2H,gw#233,-120.684383551105
2734,"2017-09-29 19:43:59.427787",flushspeed,str#226,2.04730717655636
2734,"2017-09-29 19:43:59.427787",samplevol,str#226,75.5251617431641
2734,"2017-09-29 19:43:59.427787",sourceid,str#226,3.0
2734,"2017-09-29 19:43:59.427787",cows_switchtime,str#226,1020.0
2734,"2017-09-29 19:43:59.427787",std_d18O,str#226,0.180859786570513
2734,"2017-09-29 19:43:59.427787",std_d2H,str#226,0.404900493202387
2734,"2017-09-29 19:43:59.427787",std_H2O,str#226,70.9977832151508
2734,"2017-09-29 19:43:59.427787",mean_H2O,str#226,19972.6008999126
2734,"2017-09-29 19:43:59.427787",cows_readytime,str#226,1200.0
2734,"2017-09-29 19:43:59.427787",mean_d18O,str#226,-29.5958669234514
2734,"2017-09-29 19:43:59.427787",mean_d2H,str#226,-121.503940599623
2736,"2017-09-29 20:03:24.344788",cows_switchtime,CoWSstd2,1020.0
2736,"2017-09-29 20:03:24.344788",std_d18O,CoWSstd2,0.187078587769942
2736,"2017-09-29 20:03:24.344788",std_d2H,CoWSstd2,0.386049301729874
2736,"2017-09-29 20:03:24.344788",std_H2O,CoWSstd2,45.8045785880188
2736,"2017-09-29 20:03:24.344788",mean_H2O,CoWSstd2,19712.5275770045
2736,"2017-09-29 20:03:24.344788",cows_readytime,CoWSstd2,1200.0
2736,"2017-09-29 20:03:24.344788",mean_d18O,CoWSstd2,-40.1766849243802
2736,"2017-09-29 20:03:24.344788",mean_d2H,CoWSstd2,-201.824052457887
2737,"2017-09-29 20:26:32.540732",flushspeed,str#176,2.99052510942732
2737,"2017-09-29 20:26:32.540732",samplevol,str#176,66.9877624511719
2737,"2017-09-29 20:26:32.540732",sourceid,str#176,2.0
2737,"2017-09-29 20:26:32.540732",cows_switchtime,str#176,1020.0
2737,"2017-09-29 20:26:32.540732",std_d18O,str#176,0.154848128580131
2737,"2017-09-29 20:26:32.540732",std_d2H,str#176,0.35881734348915
2737,"2017-09-29 20:26:32.540732",std_H2O,str#176,53.0866292735755
2737,"2017-09-29 20:26:32.540732",mean_H2O,str#176,19802.9298133291
2737,"2017-09-29 20:26:32.540732",cows_readytime,str#176,1200.0
2737,"2017-09-29 20:26:32.540732",mean_d18O,str#176,-29.6161960239043
2737,"2017-09-29 20:26:32.540732",mean_d2H,str#176,-122.406832786453
2738,"2017-09-29 20:49:36.593488",flushspeed,str#226,1.67887233245005
2738,"2017-09-29 20:49:36.593488",samplevol,str#226,63.9751091003418
2738,"2017-09-29 20:49:36.593488",sourceid,str#226,3.0
2739,"2017-09-29 21:08:59.515842",flushspeed,gw#195,1.58064175016789
2739,"2017-09-29 21:08:59.515842",samplevol,gw#195,69.028205871582
2738,"2017-09-29 20:49:36.593488",cows_switchtime,str#226,1020.0
2738,"2017-09-29 20:49:36.593488",std_d18O,str#226,0.178486774871246
2738,"2017-09-29 20:49:36.593488",std_d2H,str#226,0.388542019777044
2738,"2017-09-29 20:49:36.593488",std_H2O,str#226,113.795888877699
2738,"2017-09-29 20:49:36.593488",mean_H2O,str#226,19736.1463282755
2738,"2017-09-29 20:49:36.593488",cows_readytime,str#226,1200.0
2738,"2017-09-29 20:49:36.593488",mean_d18O,str#226,-29.687532380153
2738,"2017-09-29 20:49:36.593488",mean_d2H,str#226,-122.101157386497
2739,"2017-09-29 21:08:59.515842",sourceid,gw#195,4.0
2739,"2017-09-29 21:08:59.515842",cows_switchtime,gw#195,1020.0
2739,"2017-09-29 21:08:59.515842",std_d18O,gw#195,0.195317414477531
2739,"2017-09-29 21:08:59.515842",std_d2H,gw#195,0.368734881345093
2739,"2017-09-29 21:08:59.515842",std_H2O,gw#195,20.7363685985048
2739,"2017-09-29 21:08:59.515842",mean_H2O,gw#195,19518.3992345032
2739,"2017-09-29 21:08:59.515842",cows_readytime,gw#195,1200.0
2739,"2017-09-29 21:08:59.515842",mean_d18O,gw#195,-29.3154412287939
2739,"2017-09-29 21:08:59.515842",mean_d2H,gw#195,-119.925825567757
2740,"2017-09-29 21:26:01.455274",cows_switchtime,CoWSstd1,1020.0
2740,"2017-09-29 21:26:01.455274",std_d18O,CoWSstd1,0.170098210377239
2740,"2017-09-29 21:26:01.455274",std_d2H,CoWSstd1,0.404708710238997
2740,"2017-09-29 21:26:01.455274",std_H2O,CoWSstd1,18.8420808847557
2740,"2017-09-29 21:26:01.455274",mean_H2O,CoWSstd1,19665.9394911338
2740,"2017-09-29 21:26:01.455274",cows_readytime,CoWSstd1,1200.0
2740,"2017-09-29 21:26:01.455274",mean_d18O,CoWSstd1,-19.4697528419244
2740,"2017-09-29 21:26:01.455274",mean_d2H,CoWSstd1,-74.136372596177
2741,"2017-09-29 21:47:07.257228",flushspeed,str#176,3.06758202274659
2741,"2017-09-29 21:47:07.257228",samplevol,str#176,70.9869155883789
2741,"2017-09-29 21:47:07.257228",sourceid,str#176,2.0
2741,"2017-09-29 21:47:07.257228",cows_switchtime,str#176,1020.0
2741,"2017-09-29 21:47:07.257228",std_d18O,str#176,0.200473208965733
2741,"2017-09-29 21:47:07.257228",std_d2H,str#176,0.40520620410188
2741,"2017-09-29 21:47:07.257228",std_H2O,str#176,57.5419462443956
2741,"2017-09-29 21:47:07.257228",mean_H2O,str#176,19601.9302068847
2741,"2017-09-29 21:47:07.257228",cows_readytime,str#176,1200.0
2741,"2017-09-29 21:47:07.257228",mean_d18O,str#176,-29.5514436645128
2741,"2017-09-29 21:47:07.257228",mean_d2H,str#176,-121.03360404347
2742,"2017-09-29 22:08:38.996741",flushspeed,gw#233,1.63429035255015
2742,"2017-09-29 22:08:38.996741",samplevol,gw#233,60.0160446166992
2742,"2017-09-29 22:08:38.996741",sourceid,gw#233,8.0
2742,"2017-09-29 22:08:38.996741",cows_switchtime,gw#233,1020.0
2742,"2017-09-29 22:08:38.996741",std_d18O,gw#233,0.178521204247528
2742,"2017-09-29 22:08:38.996741",std_d2H,gw#233,0.377811404085591
2742,"2017-09-29 22:08:38.996741",std_H2O,gw#233,29.1765727724637
2742,"2017-09-29 22:08:38.996741",mean_H2O,gw#233,19524.0092090016
2742,"2017-09-29 22:08:38.996741",cows_readytime,gw#233,1200.0
2742,"2017-09-29 22:08:38.996741",mean_d18O,gw#233,-29.4223277904768
2742,"2017-09-29 22:08:38.996741",mean_d2H,gw#233,-120.662151779175
2743,"2017-09-29 22:29:45.951919",flushspeed,str#226,1.55529589913837
2743,"2017-09-29 22:29:45.951919",samplevol,str#226,60.6783142089844
2743,"2017-09-29 22:29:45.951919",sourceid,str#226,3.0
2743,"2017-09-29 22:29:45.951919",cows_switchtime,str#226,1020.0
2743,"2017-09-29 22:29:45.951919",std_d18O,str#226,0.177120020665114
2743,"2017-09-29 22:29:45.951919",std_d2H,str#226,0.37528122905078
2743,"2017-09-29 22:29:45.951919",std_H2O,str#226,44.0263158352526
2743,"2017-09-29 22:29:45.951919",mean_H2O,str#226,19718.5911323943
2743,"2017-09-29 22:29:45.951919",cows_readytime,str#226,1200.0
2743,"2017-09-29 22:29:45.951919",mean_d18O,str#226,-29.6444687328367
2743,"2017-09-29 22:29:45.951919",mean_d2H,str#226,-121.655895759759
2745,"2017-09-29 22:49:12.049000",cows_switchtime,CoWSstd2,1020.0
2745,"2017-09-29 22:49:12.049000",std_d18O,CoWSstd2,0.178233805902856
2745,"2017-09-29 22:49:12.049000",std_d2H,CoWSstd2,0.370592306159693
2745,"2017-09-29 22:49:12.049000",std_H2O,CoWSstd2,23.6953696694539
2745,"2017-09-29 22:49:12.049000",mean_H2O,CoWSstd2,19747.8194526965
2745,"2017-09-29 22:49:12.049000",cows_readytime,CoWSstd2,1200.0
2745,"2017-09-29 22:49:12.049000",mean_d18O,CoWSstd2,-40.2919909503734
2745,"2017-09-29 22:49:12.049000",mean_d2H,CoWSstd2,-202.189833904218
2746,"2017-09-29 23:12:29.454308",flushspeed,str#176,2.59022424785981
2746,"2017-09-29 23:12:29.454308",samplevol,str#176,65.7191696166992
2746,"2017-09-29 23:12:29.454308",sourceid,str#176,2.0
2746,"2017-09-29 23:12:29.454308",cows_switchtime,str#176,1020.0
2746,"2017-09-29 23:12:29.454308",std_d18O,str#176,0.182092329590945
2746,"2017-09-29 23:12:29.454308",std_d2H,str#176,0.378368314722593
2746,"2017-09-29 23:12:29.454308",std_H2O,str#176,24.4359311613902
2746,"2017-09-29 23:12:29.454308",mean_H2O,str#176,19658.4929960846
2746,"2017-09-29 23:12:29.454308",cows_readytime,str#176,1200.0
2746,"2017-09-29 23:12:29.454308",mean_d18O,str#176,-29.6475992873568
2746,"2017-09-29 23:12:29.454308",mean_d2H,str#176,-122.714420541322
2747,"2017-09-29 23:35:40.736097",flushspeed,str#226,1.590262459811
2747,"2017-09-29 23:35:40.736097",samplevol,str#226,66.0626831054687
2747,"2017-09-29 23:35:40.736097",sourceid,str#226,3.0
2748,"2017-09-29 23:55:20.912600",flushspeed,gw#195,1.43682038793612
2748,"2017-09-29 23:55:20.912600",samplevol,gw#195,69.6958465576172
2747,"2017-09-29 23:35:40.736097",cows_switchtime,str#226,1020.0
2747,"2017-09-29 23:35:40.736097",std_d18O,str#226,0.183385688816411
2747,"2017-09-29 23:35:40.736097",std_d2H,str#226,0.347238618784694
2747,"2017-09-29 23:35:40.736097",std_H2O,str#226,70.7350602472599
2747,"2017-09-29 23:35:40.736097",mean_H2O,str#226,19881.0297020198
2747,"2017-09-29 23:35:40.736097",cows_readytime,str#226,1200.0
2747,"2017-09-29 23:35:40.736097",mean_d18O,str#226,-29.7585601917679
2747,"2017-09-29 23:35:40.736097",mean_d2H,str#226,-122.348257330278
2748,"2017-09-29 23:55:20.912600",sourceid,gw#195,4.0
2748,"2017-09-29 23:55:20.912600",cows_switchtime,gw#195,1020.0
2748,"2017-09-29 23:55:20.912600",std_d18O,gw#195,0.188352666979855
2748,"2017-09-29 23:55:20.912600",std_d2H,gw#195,0.43089320488576
2748,"2017-09-29 23:55:20.912600",std_H2O,gw#195,113.248887956302
2748,"2017-09-29 23:55:20.912600",mean_H2O,gw#195,19592.0984489256
2748,"2017-09-29 23:55:20.912600",cows_readytime,gw#195,1200.0
2748,"2017-09-29 23:55:20.912600",mean_d18O,gw#195,-29.3953958324475
2748,"2017-09-29 23:55:20.912600",mean_d2H,gw#195,-120.170283699502
2750,"2017-09-30 00:32:20.481620",flushspeed,str#176,3.54516462108346
2750,"2017-09-30 00:32:20.481620",samplevol,str#176,69.9780044555664
2749,"2017-09-30 00:12:21.770358",cows_switchtime,CoWSstd1,1020.0
2749,"2017-09-30 00:12:21.770358",std_d18O,CoWSstd1,0.188948314095945
2749,"2017-09-30 00:12:21.770358",std_d2H,CoWSstd1,0.412149213070509
2749,"2017-09-30 00:12:21.770358",std_H2O,CoWSstd1,36.697930185187
2749,"2017-09-30 00:12:21.770358",mean_H2O,CoWSstd1,19810.8394479687
2749,"2017-09-30 00:12:21.770358",cows_readytime,CoWSstd1,1200.0
2749,"2017-09-30 00:12:21.770358",mean_d18O,CoWSstd1,-19.5711699510918
2749,"2017-09-30 00:12:21.770358",mean_d2H,CoWSstd1,-74.5060487132024
2750,"2017-09-30 00:32:20.481620",sourceid,str#176,2.0
2750,"2017-09-30 00:32:20.481620",cows_switchtime,str#176,1020.0
2750,"2017-09-30 00:32:20.481620",std_d18O,str#176,0.198331386192404
2750,"2017-09-30 00:32:20.481620",std_d2H,str#176,0.390589384198306
2750,"2017-09-30 00:32:20.481620",std_H2O,str#176,37.103480977676
2750,"2017-09-30 00:32:20.481620",mean_H2O,str#176,19887.3719733543
2750,"2017-09-30 00:32:20.481620",cows_readytime,str#176,1200.0
2750,"2017-09-30 00:32:20.481620",mean_d18O,str#176,-29.4385005511207
2750,"2017-09-30 00:32:20.481620",mean_d2H,str#176,-120.789052249108
2751,"2017-09-30 00:54:27.728958",flushspeed,gw#233,1.6468987129719
2751,"2017-09-30 00:54:27.728958",samplevol,gw#233,61.1493492126465
2751,"2017-09-30 00:54:27.728958",sourceid,gw#233,8.0
2751,"2017-09-30 00:54:27.728958",cows_switchtime,gw#233,1020.0
2751,"2017-09-30 00:54:27.728958",std_d18O,gw#233,0.176017797815384
2751,"2017-09-30 00:54:27.728958",std_d2H,gw#233,0.36033029981276
2751,"2017-09-30 00:54:27.728958",std_H2O,gw#233,59.6940801001783
2751,"2017-09-30 00:54:27.728958",mean_H2O,gw#233,19745.3928165867
2751,"2017-09-30 00:54:27.728958",cows_readytime,gw#233,1200.0
2751,"2017-09-30 00:54:27.728958",mean_d18O,gw#233,-29.4230485222451
2751,"2017-09-30 00:54:27.728958",mean_d2H,gw#233,-120.538252077924
2752,"2017-09-30 01:15:38.662291",flushspeed,str#226,1.78328779804071
2752,"2017-09-30 01:15:38.662291",samplevol,str#226,74.7144088745117
2752,"2017-09-30 01:15:38.662291",sourceid,str#226,3.0
2752,"2017-09-30 01:15:38.662291",cows_switchtime,str#226,1020.0
2752,"2017-09-30 01:15:38.662291",std_d18O,str#226,0.18580797615634
2752,"2017-09-30 01:15:38.662291",std_d2H,str#226,0.377837555260961
2752,"2017-09-30 01:15:38.662291",std_H2O,str#226,8.58859702910937
2752,"2017-09-30 01:15:38.662291",mean_H2O,str#226,19942.0614489783
2752,"2017-09-30 01:15:38.662291",cows_readytime,str#226,1200.0
2752,"2017-09-30 01:15:38.662291",mean_d18O,str#226,-29.4757930145192
2752,"2017-09-30 01:15:38.662291",mean_d2H,str#226,-121.61494360053
2754,"2017-09-30 01:35:06.574468",cows_switchtime,CoWSstd2,1020.0
2754,"2017-09-30 01:35:06.574468",std_d18O,CoWSstd2,0.179359674862413
2754,"2017-09-30 01:35:06.574468",std_d2H,CoWSstd2,0.416415054137611
2754,"2017-09-30 01:35:06.574468",std_H2O,CoWSstd2,34.2500518142718
2754,"2017-09-30 01:35:06.574468",mean_H2O,CoWSstd2,19862.508178309
2754,"2017-09-30 01:35:06.574468",cows_readytime,CoWSstd2,1200.0
2754,"2017-09-30 01:35:06.574468",mean_d18O,CoWSstd2,-40.1562926038389
2754,"2017-09-30 01:35:06.574468",mean_d2H,CoWSstd2,-201.945651071162
2755,"2017-09-30 01:58:24.481221",flushspeed,str#176,2.64763479749557
2755,"2017-09-30 01:58:24.481221",samplevol,str#176,68.796142578125
2755,"2017-09-30 01:58:24.481221",sourceid,str#176,2.0
2755,"2017-09-30 01:58:24.481221",cows_switchtime,str#176,1020.0
2755,"2017-09-30 01:58:24.481221",std_d18O,str#176,0.181389450573601
2755,"2017-09-30 01:58:24.481221",std_d2H,str#176,0.318413360941139
2755,"2017-09-30 01:58:24.481221",std_H2O,str#176,11.5729778276728
2755,"2017-09-30 01:58:24.481221",mean_H2O,str#176,19721.5589401041
2755,"2017-09-30 01:58:24.481221",cows_readytime,str#176,1200.0
2755,"2017-09-30 01:58:24.481221",mean_d18O,str#176,-29.5935349498402
2755,"2017-09-30 01:58:24.481221",mean_d2H,str#176,-122.559784461139
2756,"2017-09-30 02:21:39.133238",flushspeed,str#226,1.48287560917054
2756,"2017-09-30 02:21:39.133238",samplevol,str#226,63.9134216308594
2756,"2017-09-30 02:21:39.133238",sourceid,str#226,3.0
2757,"2017-09-30 02:41:31.713143",flushspeed,gw#195,1.11316627783488
2757,"2017-09-30 02:41:31.713143",samplevol,gw#195,59.4697952270508
2756,"2017-09-30 02:21:39.133238",cows_switchtime,str#226,1020.0
2756,"2017-09-30 02:21:39.133238",std_d18O,str#226,0.181607372981381
2756,"2017-09-30 02:21:39.133238",std_d2H,str#226,0.350528745543689
2756,"2017-09-30 02:21:39.133238",std_H2O,str#226,42.2484923601056
2756,"2017-09-30 02:21:39.133238",mean_H2O,str#226,19901.1354790338
2756,"2017-09-30 02:21:39.133238",cows_readytime,str#226,1200.0
2756,"2017-09-30 02:21:39.133238",mean_d18O,str#226,-29.5622251021195
2756,"2017-09-30 02:21:39.133238",mean_d2H,str#226,-122.063334158353
2757,"2017-09-30 02:41:31.713143",sourceid,gw#195,4.0
2757,"2017-09-30 02:41:31.713143",cows_switchtime,gw#195,1020.0
2757,"2017-09-30 02:41:31.713143",std_d18O,gw#195,0.172407911289978
2757,"2017-09-30 02:41:31.713143",std_d2H,gw#195,0.378917175087899
2757,"2017-09-30 02:41:31.713143",std_H2O,gw#195,41.5817545785834
2757,"2017-09-30 02:41:31.713143",mean_H2O,gw#195,19615.4473197161
2757,"2017-09-30 02:41:31.713143",cows_readytime,gw#195,1200.0
2757,"2017-09-30 02:41:31.713143",mean_d18O,gw#195,-29.2553156215286
2757,"2017-09-30 02:41:31.713143",mean_d2H,gw#195,-120.145064681085
2758,"2017-09-30 02:58:33.562046",cows_switchtime,CoWSstd1,1020.0
2758,"2017-09-30 02:58:33.562046",std_d18O,CoWSstd1,0.206317594825022
2758,"2017-09-30 02:58:33.562046",std_d2H,CoWSstd1,0.439801352940357
2758,"2017-09-30 02:58:33.562046",std_H2O,CoWSstd1,56.5227166745165
2758,"2017-09-30 02:58:33.562046",mean_H2O,CoWSstd1,19898.3797687554
2758,"2017-09-30 02:58:33.562046",cows_readytime,CoWSstd1,1200.0
2758,"2017-09-30 02:58:33.562046",mean_d18O,CoWSstd1,-19.5001830741769
2758,"2017-09-30 02:58:33.562046",mean_d2H,CoWSstd1,-74.5241782769886
2759,"2017-09-30 03:18:58.112021",flushspeed,str#176,2.88124730929827
2759,"2017-09-30 03:18:58.112021",samplevol,str#176,73.2787628173828
2759,"2017-09-30 03:18:58.112021",sourceid,str#176,2.0
2759,"2017-09-30 03:18:58.112021",cows_switchtime,str#176,1020.0
2759,"2017-09-30 03:18:58.112021",std_d18O,str#176,0.17530650278301
2759,"2017-09-30 03:18:58.112021",std_d2H,str#176,0.377518029101898
2759,"2017-09-30 03:18:58.112021",std_H2O,str#176,82.2307050728618
2759,"2017-09-30 03:18:58.112021",mean_H2O,str#176,20044.676512081
2759,"2017-09-30 03:18:58.112021",cows_readytime,str#176,1200.0
2759,"2017-09-30 03:18:58.112021",mean_d18O,str#176,-29.4118244616349
2759,"2017-09-30 03:18:58.112021",mean_d2H,str#176,-120.747427978634
2760,"2017-09-30 03:40:28.840029",flushspeed,gw#233,1.77339930720629
2760,"2017-09-30 03:40:28.840029",samplevol,gw#233,71.4573516845703
2760,"2017-09-30 03:40:28.840029",sourceid,gw#233,8.0
2760,"2017-09-30 03:40:28.840029",cows_switchtime,gw#233,1020.0
2760,"2017-09-30 03:40:28.840029",std_d18O,gw#233,0.183582765719824
2760,"2017-09-30 03:40:28.840029",std_d2H,gw#233,0.377471671811497
2760,"2017-09-30 03:40:28.840029",std_H2O,gw#233,33.1168442702274
2760,"2017-09-30 03:40:28.840029",mean_H2O,gw#233,19925.6027256986
2760,"2017-09-30 03:40:28.840029",cows_readytime,gw#233,1200.0
2760,"2017-09-30 03:40:28.840029",mean_d18O,gw#233,-29.5332975027485
2760,"2017-09-30 03:40:28.840029",mean_d2H,gw#233,-120.89998724484
2761,"2017-09-30 04:01:35.946062",flushspeed,str#226,1.50180406962016
2761,"2017-09-30 04:01:35.946062",samplevol,str#226,64.7022247314453
2761,"2017-09-30 04:01:35.946062",sourceid,str#226,3.0
2761,"2017-09-30 04:01:35.946062",cows_switchtime,str#226,1020.0
2761,"2017-09-30 04:01:35.946062",std_d18O,str#226,0.182565026011585
2761,"2017-09-30 04:01:35.946062",std_d2H,str#226,0.398268663257109
2761,"2017-09-30 04:01:35.946062",std_H2O,str#226,23.3714148875078
2761,"2017-09-30 04:01:35.946062",mean_H2O,str#226,19561.846189707
2761,"2017-09-30 04:01:35.946062",cows_readytime,str#226,1200.0
2761,"2017-09-30 04:01:35.946062",mean_d18O,str#226,-29.4841324994753
2761,"2017-09-30 04:01:35.946062",mean_d2H,str#226,-121.883526808343
2763,"2017-09-30 04:21:03.576138",cows_switchtime,CoWSstd2,1020.0
2763,"2017-09-30 04:21:03.576138",std_d18O,CoWSstd2,0.196985140646209
2763,"2017-09-30 04:21:03.576138",std_d2H,CoWSstd2,0.388613217635763
2763,"2017-09-30 04:21:03.576138",std_H2O,CoWSstd2,62.4966156631696
2763,"2017-09-30 04:21:03.576138",mean_H2O,CoWSstd2,19857.7141219566
2763,"2017-09-30 04:21:03.576138",cows_readytime,CoWSstd2,1200.0
2763,"2017-09-30 04:21:03.576138",mean_d18O,CoWSstd2,-40.2622871953391
2763,"2017-09-30 04:21:03.576138",mean_d2H,CoWSstd2,-202.013703668577
2764,"2017-09-30 04:44:22.651053",flushspeed,str#176,2.60268940007067
2764,"2017-09-30 04:44:22.651053",samplevol,str#176,68.6511383056641
2764,"2017-09-30 04:44:22.651053",sourceid,str#176,2.0
2764,"2017-09-30 04:44:22.651053",cows_switchtime,str#176,1020.0
2764,"2017-09-30 04:44:22.651053",std_d18O,str#176,0.200919208770645
2764,"2017-09-30 04:44:22.651053",std_d2H,str#176,0.347913666386448
2764,"2017-09-30 04:44:22.651053",std_H2O,str#176,52.697980059912
2764,"2017-09-30 04:44:22.651053",mean_H2O,str#176,19952.071382908
2764,"2017-09-30 04:44:22.651053",cows_readytime,str#176,1200.0
2764,"2017-09-30 04:44:22.651053",mean_d18O,str#176,-29.623217186967
2764,"2017-09-30 04:44:22.651053",mean_d2H,str#176,-122.654840552123
2765,"2017-09-30 05:07:34.323318",flushspeed,str#226,1.69259619112691
2765,"2017-09-30 05:07:34.323318",samplevol,str#226,73.9664535522461
2765,"2017-09-30 05:07:34.323318",sourceid,str#226,3.0
2766,"2017-09-30 05:27:25.474558",flushspeed,gw#195,1.22279857479203
2766,"2017-09-30 05:27:25.474558",samplevol,gw#195,64.822998046875
2765,"2017-09-30 05:07:34.323318",cows_switchtime,str#226,1020.0
2765,"2017-09-30 05:07:34.323318",std_d18O,str#226,0.196270489940348
2765,"2017-09-30 05:07:34.323318",std_d2H,str#226,0.358296186437198
2765,"2017-09-30 05:07:34.323318",std_H2O,str#226,25.0508253519864
2765,"2017-09-30 05:07:34.323318",mean_H2O,str#226,20105.8396501018
2765,"2017-09-30 05:07:34.323318",cows_readytime,str#226,1200.0
2765,"2017-09-30 05:07:34.323318",mean_d18O,str#226,-29.6469912420381
2765,"2017-09-30 05:07:34.323318",mean_d2H,str#226,-122.151311518319
2766,"2017-09-30 05:27:25.474558",sourceid,gw#195,4.0
2766,"2017-09-30 05:27:25.474558",cows_switchtime,gw#195,1020.0
2766,"2017-09-30 05:27:25.474558",std_d18O,gw#195,0.182779051032808
2766,"2017-09-30 05:27:25.474558",std_d2H,gw#195,0.385767641778375
2766,"2017-09-30 05:27:25.474558",std_H2O,gw#195,120.607969116419
2766,"2017-09-30 05:27:25.474558",mean_H2O,gw#195,19458.1610190369
2766,"2017-09-30 05:27:25.474558",cows_readytime,gw#195,1200.0
2766,"2017-09-30 05:27:25.474558",mean_d18O,gw#195,-29.3870910867875
2766,"2017-09-30 05:27:25.474558",mean_d2H,gw#195,-120.596317931639
2767,"2017-09-30 05:44:29.450509",cows_switchtime,CoWSstd1,1020.0
2767,"2017-09-30 05:44:29.450509",std_d18O,CoWSstd1,0.153817493270676
2767,"2017-09-30 05:44:29.450509",std_d2H,CoWSstd1,0.402268746549895
2767,"2017-09-30 05:44:29.450509",std_H2O,CoWSstd1,69.6103728659845
2767,"2017-09-30 05:44:29.450509",mean_H2O,CoWSstd1,19912.6684070323
2767,"2017-09-30 05:44:29.450509",cows_readytime,CoWSstd1,1200.0
2767,"2017-09-30 05:44:29.450509",mean_d18O,CoWSstd1,-19.4642751048071
2767,"2017-09-30 05:44:29.450509",mean_d2H,CoWSstd1,-74.6892957019901
2768,"2017-09-30 06:05:00.813676",flushspeed,str#176,2.42026854211505
2768,"2017-09-30 06:05:00.813676",samplevol,str#176,65.3278884887695
2768,"2017-09-30 06:05:00.813676",sourceid,str#176,2.0
2768,"2017-09-30 06:05:00.813676",cows_switchtime,str#176,1020.0
2768,"2017-09-30 06:05:00.813676",std_d18O,str#176,0.198208985175515
2768,"2017-09-30 06:05:00.813676",std_d2H,str#176,0.361482718823933
2768,"2017-09-30 06:05:00.813676",std_H2O,str#176,79.0443066419431
2768,"2017-09-30 06:05:00.813676",mean_H2O,str#176,19820.9854735176
2768,"2017-09-30 06:05:00.813676",cows_readytime,str#176,1200.0
2768,"2017-09-30 06:05:00.813676",mean_d18O,str#176,-29.5192523086042
2768,"2017-09-30 06:05:00.813676",mean_d2H,str#176,-121.139146841352
2769,"2017-09-30 06:26:28.365010",flushspeed,gw#233,1.45683058812089
2769,"2017-09-30 06:26:28.365010",samplevol,gw#233,60.2268333435059
2769,"2017-09-30 06:26:28.365010",sourceid,gw#233,8.0
2769,"2017-09-30 06:26:28.365010",cows_switchtime,gw#233,1020.0
2769,"2017-09-30 06:26:28.365010",std_d18O,gw#233,0.180912490735122
2769,"2017-09-30 06:26:28.365010",std_d2H,gw#233,0.354682964169852
2769,"2017-09-30 06:26:28.365010",std_H2O,gw#233,32.8020358038448
2769,"2017-09-30 06:26:28.365010",mean_H2O,gw#233,19855.7193683447
2769,"2017-09-30 06:26:28.365010",cows_readytime,gw#233,1200.0
2769,"2017-09-30 06:26:28.365010",mean_d18O,gw#233,-29.4189785878636
2769,"2017-09-30 06:26:28.365010",mean_d2H,gw#233,-120.723160937813
2770,"2017-09-30 06:47:31.610082",flushspeed,str#226,1.60292375624115
2770,"2017-09-30 06:47:31.610082",samplevol,str#226,67.4734725952148
2770,"2017-09-30 06:47:31.610082",sourceid,str#226,3.0
2770,"2017-09-30 06:47:31.610082",cows_switchtime,str#226,1020.0
2770,"2017-09-30 06:47:31.610082",std_d18O,str#226,0.20052655818729
2770,"2017-09-30 06:47:31.610082",std_d2H,str#226,0.385841656017342
2770,"2017-09-30 06:47:31.610082",std_H2O,str#226,44.8883099431849
2770,"2017-09-30 06:47:31.610082",mean_H2O,str#226,20060.0772173478
2770,"2017-09-30 06:47:31.610082",cows_readytime,str#226,1200.0
2770,"2017-09-30 06:47:31.610082",mean_d18O,str#226,-29.5192306078546
2770,"2017-09-30 06:47:31.610082",mean_d2H,str#226,-121.728701582523
2772,"2017-09-30 07:06:59.537628",cows_switchtime,CoWSstd2,1020.0
2772,"2017-09-30 07:06:59.537628",std_d18O,CoWSstd2,0.175374319244547
2772,"2017-09-30 07:06:59.537628",std_d2H,CoWSstd2,0.433542118346216
2772,"2017-09-30 07:06:59.537628",std_H2O,CoWSstd2,33.0965227157083
2772,"2017-09-30 07:06:59.537628",mean_H2O,CoWSstd2,19846.797181658
2772,"2017-09-30 07:06:59.537628",cows_readytime,CoWSstd2,1200.0
2772,"2017-09-30 07:06:59.537628",mean_d18O,CoWSstd2,-40.1279157975508
2772,"2017-09-30 07:06:59.537628",mean_d2H,CoWSstd2,-201.817769207383
2773,"2017-09-30 07:30:18.920914",flushspeed,str#176,2.83798908391296
2773,"2017-09-30 07:30:18.920914",samplevol,str#176,75.0562973022461
2773,"2017-09-30 07:30:18.920914",sourceid,str#176,2.0
2773,"2017-09-30 07:30:18.920914",cows_switchtime,str#176,1020.0
2773,"2017-09-30 07:30:18.920914",std_d18O,str#176,0.199109592534314
2773,"2017-09-30 07:30:18.920914",std_d2H,str#176,0.383857765280054
2773,"2017-09-30 07:30:18.920914",std_H2O,str#176,64.5778458401503
2773,"2017-09-30 07:30:18.920914",mean_H2O,str#176,20044.1767934103
2773,"2017-09-30 07:30:18.920914",cows_readytime,str#176,1200.0
2773,"2017-09-30 07:30:18.920914",mean_d18O,str#176,-29.5166190459492
2773,"2017-09-30 07:30:18.920914",mean_d2H,str#176,-122.437187140584
2774,"2017-09-30 07:53:29.049992",flushspeed,str#226,1.40675960616759
2774,"2017-09-30 07:53:29.049992",samplevol,str#226,60.169921875
2774,"2017-09-30 07:53:29.049992",sourceid,str#226,3.0
2775,"2017-09-30 08:13:25.422624",flushspeed,gw#195,1.32486752647328
2775,"2017-09-30 08:13:25.422624",samplevol,gw#195,73.0624694824219
2774,"2017-09-30 07:53:29.049992",cows_switchtime,str#226,1020.0
2774,"2017-09-30 07:53:29.049992",std_d18O,str#226,0.200159761735891
2774,"2017-09-30 07:53:29.049992",std_d2H,str#226,0.374074993592362
2774,"2017-09-30 07:53:29.049992",std_H2O,str#226,60.7077433864832
2774,"2017-09-30 07:53:29.049992",mean_H2O,str#226,19923.3742961225
2774,"2017-09-30 07:53:29.049992",cows_readytime,str#226,1200.0
2774,"2017-09-30 07:53:29.049992",mean_d18O,str#226,-29.5337936928056
2774,"2017-09-30 07:53:29.049992",mean_d2H,str#226,-122.005459554002
2775,"2017-09-30 08:13:25.422624",sourceid,gw#195,4.0
2775,"2017-09-30 08:13:25.422624",cows_switchtime,gw#195,1020.0
2775,"2017-09-30 08:13:25.422624",std_d18O,gw#195,0.18350001931912
2775,"2017-09-30 08:13:25.422624",std_d2H,gw#195,0.333247843961172
2775,"2017-09-30 08:13:25.422624",std_H2O,gw#195,61.5760507828883
2775,"2017-09-30 08:13:25.422624",mean_H2O,gw#195,19334.209315011
2775,"2017-09-30 08:13:25.422624",cows_readytime,gw#195,1200.0
2775,"2017-09-30 08:13:25.422624",mean_d18O,gw#195,-29.3352383212313
2775,"2017-09-30 08:13:25.422624",mean_d2H,gw#195,-120.564739160257
2777,"2017-09-30 08:50:05.103129",flushspeed,str#176,3.63501660638293
2777,"2017-09-30 08:50:05.103129",samplevol,str#176,68.8544845581055
2776,"2017-09-30 08:30:29.627530",cows_switchtime,CoWSstd1,1020.0
2776,"2017-09-30 08:30:29.627530",std_d18O,CoWSstd1,0.179847939890046
2776,"2017-09-30 08:30:29.627530",std_d2H,CoWSstd1,0.390115475173391
2776,"2017-09-30 08:30:29.627530",std_H2O,CoWSstd1,28.4845140378613
2776,"2017-09-30 08:30:29.627530",mean_H2O,CoWSstd1,19835.7408694738
2776,"2017-09-30 08:30:29.627530",cows_readytime,CoWSstd1,1200.0
2776,"2017-09-30 08:30:29.627530",mean_d18O,CoWSstd1,-19.495743516329
2776,"2017-09-30 08:30:29.627530",mean_d2H,CoWSstd1,-74.6442644551966
2777,"2017-09-30 08:50:05.103129",sourceid,str#176,2.0
2777,"2017-09-30 08:50:05.103129",cows_switchtime,str#176,1020.0
2777,"2017-09-30 08:50:05.103129",std_d18O,str#176,0.206242337869214
2777,"2017-09-30 08:50:05.103129",std_d2H,str#176,0.3538271436061
2777,"2017-09-30 08:50:05.103129",std_H2O,str#176,47.260312389032
2777,"2017-09-30 08:50:05.103129",mean_H2O,str#176,20016.3504412735
2777,"2017-09-30 08:50:05.103129",cows_readytime,str#176,1200.0
2777,"2017-09-30 08:50:05.103129",mean_d18O,str#176,-29.5265528918779
2777,"2017-09-30 08:50:05.103129",mean_d2H,str#176,-120.951274722982
2778,"2017-09-30 09:12:09.456897",flushspeed,gw#233,2.09715927976731
2778,"2017-09-30 09:12:09.456897",samplevol,gw#233,71.1524200439453
2778,"2017-09-30 09:12:09.456897",sourceid,gw#233,8.0
2778,"2017-09-30 09:12:09.456897",cows_switchtime,gw#233,1020.0
2778,"2017-09-30 09:12:09.456897",std_d18O,gw#233,0.178815594784206
2778,"2017-09-30 09:12:09.456897",std_d2H,gw#233,0.386473026419614
2778,"2017-09-30 09:12:09.456897",std_H2O,gw#233,105.767708052052
2778,"2017-09-30 09:12:09.456897",mean_H2O,gw#233,19700.8040698768
2778,"2017-09-30 09:12:09.456897",cows_readytime,gw#233,1200.0
2778,"2017-09-30 09:12:09.456897",mean_d18O,gw#233,-29.3886143705041
2778,"2017-09-30 09:12:09.456897",mean_d2H,gw#233,-120.795909661453
2779,"2017-09-30 09:32:50.206818",flushspeed,str#226,1.766150163101
2779,"2017-09-30 09:32:50.206818",samplevol,str#226,64.8212432861328
2779,"2017-09-30 09:32:50.206818",sourceid,str#226,3.0
2779,"2017-09-30 09:32:50.206818",cows_switchtime,str#226,1020.0
2779,"2017-09-30 09:32:50.206818",std_d18O,str#226,0.17963888258898
2779,"2017-09-30 09:32:50.206818",std_d2H,str#226,0.380783026770453
2779,"2017-09-30 09:32:50.206818",std_H2O,str#226,53.5675152505267
2779,"2017-09-30 09:32:50.206818",mean_H2O,str#226,20026.1518728066
2779,"2017-09-30 09:32:50.206818",cows_readytime,str#226,1200.0
2779,"2017-09-30 09:32:50.206818",mean_d18O,str#226,-29.5378922450381
2779,"2017-09-30 09:32:50.206818",mean_d2H,str#226,-121.80514140999
2781,"2017-09-30 09:52:23.415581",cows_switchtime,CoWSstd2,1020.0
2781,"2017-09-30 09:52:23.415581",std_d18O,CoWSstd2,0.197105886670824
2781,"2017-09-30 09:52:23.415581",std_d2H,CoWSstd2,0.403698589115861
2781,"2017-09-30 09:52:23.415581",std_H2O,CoWSstd2,52.4403509003038
2781,"2017-09-30 09:52:23.415581",mean_H2O,CoWSstd2,19792.7809734842
2781,"2017-09-30 09:52:23.415581",cows_readytime,CoWSstd2,1200.0
2781,"2017-09-30 09:52:23.415581",mean_d18O,CoWSstd2,-40.2393062850718
2781,"2017-09-30 09:52:23.415581",mean_d2H,CoWSstd2,-202.054390623622
2782,"2017-09-30 10:15:24.986879",flushspeed,str#176,3.4084989639319
2782,"2017-09-30 10:15:24.986879",samplevol,str#176,66.5100402832031
2782,"2017-09-30 10:15:24.986879",sourceid,str#176,2.0
2782,"2017-09-30 10:15:24.986879",cows_switchtime,str#176,1020.0
2782,"2017-09-30 10:15:24.986879",std_d18O,str#176,0.17201729165767
2782,"2017-09-30 10:15:24.986879",std_d2H,str#176,0.378129385425443
2782,"2017-09-30 10:15:24.986879",std_H2O,str#176,42.0532941366694
2782,"2017-09-30 10:15:24.986879",mean_H2O,str#176,19910.8794931606
2782,"2017-09-30 10:15:24.986879",cows_readytime,str#176,1200.0
2782,"2017-09-30 10:15:24.986879",mean_d18O,str#176,-29.5731745107403
2782,"2017-09-30 10:15:24.986879",mean_d2H,str#176,-122.473887893225
2783,"2017-09-30 10:38:38.322623",flushspeed,str#226,1.92822669796745
2783,"2017-09-30 10:38:38.322623",samplevol,str#226,69.8557968139648
2783,"2017-09-30 10:38:38.322623",sourceid,str#226,3.0
2784,"2017-09-30 10:57:51.208430",flushspeed,gw#195,1.60205446555592
2784,"2017-09-30 10:57:51.208430",samplevol,gw#195,73.3036041259766
2783,"2017-09-30 10:38:38.322623",cows_switchtime,str#226,1020.0
2783,"2017-09-30 10:38:38.322623",std_d18O,str#226,0.201294687752354
2783,"2017-09-30 10:38:38.322623",std_d2H,str#226,0.394437700771956
2783,"2017-09-30 10:38:38.322623",std_H2O,str#226,40.9805076397109
2783,"2017-09-30 10:38:38.322623",mean_H2O,str#226,19763.4118212719
2783,"2017-09-30 10:38:38.322623",cows_readytime,str#226,1200.0
2783,"2017-09-30 10:38:38.322623",mean_d18O,str#226,-29.6170814769676
2783,"2017-09-30 10:38:38.322623",mean_d2H,str#226,-122.169445069302
2784,"2017-09-30 10:57:51.208430",sourceid,gw#195,4.0
2784,"2017-09-30 10:57:51.208430",cows_switchtime,gw#195,1020.0
2784,"2017-09-30 10:57:51.208430",std_d18O,gw#195,0.193151217195251
2784,"2017-09-30 10:57:51.208430",std_d2H,gw#195,0.409098285338466
2784,"2017-09-30 10:57:51.208430",std_H2O,gw#195,89.1678912866631
2784,"2017-09-30 10:57:51.208430",mean_H2O,gw#195,19508.3378944091
2784,"2017-09-30 10:57:51.208430",cows_readytime,gw#195,1200.0
2784,"2017-09-30 10:57:51.208430",mean_d18O,gw#195,-29.3707120848482
2784,"2017-09-30 10:57:51.208430",mean_d2H,gw#195,-120.297109491109
2785,"2017-09-30 11:14:53.834246",cows_switchtime,CoWSstd1,1020.0
2785,"2017-09-30 11:14:53.834246",std_d18O,CoWSstd1,0.1689469241885
2785,"2017-09-30 11:14:53.834246",std_d2H,CoWSstd1,0.430569588090881
2785,"2017-09-30 11:14:53.834246",std_H2O,CoWSstd1,107.929913286147
2785,"2017-09-30 11:14:53.834246",mean_H2O,CoWSstd1,19721.8479698409
2785,"2017-09-30 11:14:53.834246",cows_readytime,CoWSstd1,1200.0
2785,"2017-09-30 11:14:53.834246",mean_d18O,CoWSstd1,-19.5070540609523
2785,"2017-09-30 11:14:53.834246",mean_d2H,CoWSstd1,-74.1989123597073
2786,"2017-09-30 11:36:09.085406",flushspeed,str#176,3.29406261237615
2786,"2017-09-30 11:36:09.085406",samplevol,str#176,76.0730819702148
2786,"2017-09-30 11:36:09.085406",sourceid,str#176,2.0
2786,"2017-09-30 11:36:09.085406",cows_switchtime,str#176,1020.0
2786,"2017-09-30 11:36:09.085406",std_d18O,str#176,0.197850210329016
2786,"2017-09-30 11:36:09.085406",std_d2H,str#176,0.346214362584779
2786,"2017-09-30 11:36:09.085406",std_H2O,str#176,27.7589871307191
2786,"2017-09-30 11:36:09.085406",mean_H2O,str#176,19640.0949594663
2786,"2017-09-30 11:36:09.085406",cows_readytime,str#176,1200.0
2786,"2017-09-30 11:36:09.085406",mean_d18O,str#176,-29.5755580816637
2786,"2017-09-30 11:36:09.085406",mean_d2H,str#176,-121.066930337068
2787,"2017-09-30 11:57:34.342053",flushspeed,gw#233,1.79235275429616
2787,"2017-09-30 11:57:34.342053",samplevol,gw#233,62.4885864257812
2787,"2017-09-30 11:57:34.342053",sourceid,gw#233,8.0
2787,"2017-09-30 11:57:34.342053",cows_switchtime,gw#233,1020.0
2787,"2017-09-30 11:57:34.342053",std_d18O,gw#233,0.195001519304021
2787,"2017-09-30 11:57:34.342053",std_d2H,gw#233,0.384941257297546
2787,"2017-09-30 11:57:34.342053",std_H2O,gw#233,61.2514300673456
2787,"2017-09-30 11:57:34.342053",mean_H2O,gw#233,19662.8099789519
2787,"2017-09-30 11:57:34.342053",cows_readytime,gw#233,1200.0
2787,"2017-09-30 11:57:34.342053",mean_d18O,gw#233,-29.4468317714161
2787,"2017-09-30 11:57:34.342053",mean_d2H,gw#233,-120.836993232203
2788,"2017-09-30 12:18:34.564384",flushspeed,str#226,1.82597440642024
2788,"2017-09-30 12:18:34.564384",samplevol,str#226,69.0893936157227
2788,"2017-09-30 12:18:34.564384",sourceid,str#226,3.0
2788,"2017-09-30 12:18:34.564384",cows_switchtime,str#226,1020.0
2788,"2017-09-30 12:18:34.564384",std_d18O,str#226,0.195240044528929
2788,"2017-09-30 12:18:34.564384",std_d2H,str#226,0.395901248766706
2788,"2017-09-30 12:18:34.564384",std_H2O,str#226,48.6613819211957
2788,"2017-09-30 12:18:34.564384",mean_H2O,str#226,19801.8709706766
2788,"2017-09-30 12:18:34.564384",cows_readytime,str#226,1200.0
2788,"2017-09-30 12:18:34.564384",mean_d18O,str#226,-29.6330505121242
2788,"2017-09-30 12:18:34.564384",mean_d2H,str#226,-121.846787141794
2790,"2017-09-30 12:38:01.789140",cows_switchtime,CoWSstd2,1020.0
2790,"2017-09-30 12:38:01.789140",std_d18O,CoWSstd2,0.179202902918335
2790,"2017-09-30 12:38:01.789140",std_d2H,CoWSstd2,0.382388157801071
2790,"2017-09-30 12:38:01.789140",std_H2O,CoWSstd2,57.9001014763149
2790,"2017-09-30 12:38:01.789140",mean_H2O,CoWSstd2,19711.8238824649
2790,"2017-09-30 12:38:01.789140",cows_readytime,CoWSstd2,1200.0
2790,"2017-09-30 12:38:01.789140",mean_d18O,CoWSstd2,-40.3748044075612
2790,"2017-09-30 12:38:01.789140",mean_d2H,CoWSstd2,-202.677127204994
2791,"2017-09-30 13:01:16.966543",flushspeed,str#176,2.99792196559758
2791,"2017-09-30 13:01:16.966543",samplevol,str#176,69.3479309082031
2791,"2017-09-30 13:01:16.966543",sourceid,str#176,2.0
2791,"2017-09-30 13:01:16.966543",cows_switchtime,str#176,1020.0
2791,"2017-09-30 13:01:16.966543",std_d18O,str#176,0.170723329243258
2791,"2017-09-30 13:01:16.966543",std_d2H,str#176,0.370620703049427
2791,"2017-09-30 13:01:16.966543",std_H2O,str#176,34.2236098791549
2791,"2017-09-30 13:01:16.966543",mean_H2O,str#176,19893.1032909821
2791,"2017-09-30 13:01:16.966543",cows_readytime,str#176,1200.0
2791,"2017-09-30 13:01:16.966543",mean_d18O,str#176,-29.7104201931379
2791,"2017-09-30 13:01:16.966543",mean_d2H,str#176,-122.626583939445
2792,"2017-09-30 13:24:22.533871",flushspeed,str#226,1.67179194002637
2792,"2017-09-30 13:24:22.533871",samplevol,str#226,64.6331481933594
2792,"2017-09-30 13:24:22.533871",sourceid,str#226,3.0
2793,"2017-09-30 13:44:08.372420",flushspeed,gw#195,1.24072033774681
2793,"2017-09-30 13:44:08.372420",samplevol,gw#195,62.5645637512207
2792,"2017-09-30 13:24:22.533871",cows_switchtime,str#226,1020.0
2792,"2017-09-30 13:24:22.533871",std_d18O,str#226,0.190493668072177
2792,"2017-09-30 13:24:22.533871",std_d2H,str#226,0.36054153013189
2792,"2017-09-30 13:24:22.533871",std_H2O,str#226,22.262327730489
2792,"2017-09-30 13:24:22.533871",mean_H2O,str#226,19885.194657476
2792,"2017-09-30 13:24:22.533871",cows_readytime,str#226,1200.0
2792,"2017-09-30 13:24:22.533871",mean_d18O,str#226,-29.6595214147906
2792,"2017-09-30 13:24:22.533871",mean_d2H,str#226,-122.001064475731
2793,"2017-09-30 13:44:08.372420",sourceid,gw#195,4.0
2793,"2017-09-30 13:44:08.372420",cows_switchtime,gw#195,1020.0
2793,"2017-09-30 13:44:08.372420",std_d18O,gw#195,0.18180937330581
2793,"2017-09-30 13:44:08.372420",std_d2H,gw#195,0.410577042591
2793,"2017-09-30 13:44:08.372420",std_H2O,gw#195,228.619459992354
2793,"2017-09-30 13:44:08.372420",mean_H2O,gw#195,19319.8624616837
2793,"2017-09-30 13:44:08.372420",cows_readytime,gw#195,1200.0
2793,"2017-09-30 13:44:08.372420",mean_d18O,gw#195,-29.373901174514
2793,"2017-09-30 13:44:08.372420",mean_d2H,gw#195,-120.49528874467
2794,"2017-09-30 14:01:10.542355",cows_switchtime,CoWSstd1,1020.0
2794,"2017-09-30 14:01:10.542355",std_d18O,CoWSstd1,0.206882321352628
2794,"2017-09-30 14:01:10.542355",std_d2H,CoWSstd1,0.457164852924719
2794,"2017-09-30 14:01:10.542355",std_H2O,CoWSstd1,60.3681984541278
2794,"2017-09-30 14:01:10.542355",mean_H2O,CoWSstd1,19733.8469755639
2794,"2017-09-30 14:01:10.542355",cows_readytime,CoWSstd1,1200.0
2794,"2017-09-30 14:01:10.542355",mean_d18O,CoWSstd1,-19.5181741166903
2794,"2017-09-30 14:01:10.542355",mean_d2H,CoWSstd1,-74.3038557845585
2795,"2017-09-30 14:21:53.403267",flushspeed,str#176,2.84261250430994
2795,"2017-09-30 14:21:53.403267",samplevol,str#176,69.9481658935547
2795,"2017-09-30 14:21:53.403267",sourceid,str#176,2.0
2795,"2017-09-30 14:21:53.403267",cows_switchtime,str#176,1020.0
2795,"2017-09-30 14:21:53.403267",std_d18O,str#176,0.20510157237632
2795,"2017-09-30 14:21:53.403267",std_d2H,str#176,0.369262941719254
2795,"2017-09-30 14:21:53.403267",std_H2O,str#176,15.0839823230838
2795,"2017-09-30 14:21:53.403267",mean_H2O,str#176,19874.5558252549
2795,"2017-09-30 14:21:53.403267",cows_readytime,str#176,1200.0
2795,"2017-09-30 14:21:53.403267",mean_d18O,str#176,-29.5944083109295
2795,"2017-09-30 14:21:53.403267",mean_d2H,str#176,-121.120650924723
2796,"2017-09-30 14:43:21.550457",flushspeed,gw#233,1.83294807907529
2796,"2017-09-30 14:43:21.550457",samplevol,gw#233,70.3870391845703
2796,"2017-09-30 14:43:21.550457",sourceid,gw#233,8.0
2796,"2017-09-30 14:43:21.550457",cows_switchtime,gw#233,1020.0
2796,"2017-09-30 14:43:21.550457",std_d18O,gw#233,0.177869440296904
2796,"2017-09-30 14:43:21.550457",std_d2H,gw#233,0.39007795019374
2796,"2017-09-30 14:43:21.550457",std_H2O,gw#233,29.7204934310725
2796,"2017-09-30 14:43:21.550457",mean_H2O,gw#233,19865.7658966353
2796,"2017-09-30 14:43:21.550457",cows_readytime,gw#233,1200.0
2796,"2017-09-30 14:43:21.550457",mean_d18O,gw#233,-29.4719794303617
2796,"2017-09-30 14:43:21.550457",mean_d2H,gw#233,-120.743658780435
2797,"2017-09-30 15:04:29.477824",flushspeed,str#226,1.45574579608658
2797,"2017-09-30 15:04:29.477824",samplevol,str#226,60.2605972290039
2797,"2017-09-30 15:04:29.477824",sourceid,str#226,3.0
2797,"2017-09-30 15:04:29.477824",cows_switchtime,str#226,1020.0
2797,"2017-09-30 15:04:29.477824",std_d18O,str#226,0.181075236686122
2797,"2017-09-30 15:04:29.477824",std_d2H,str#226,0.355433674635016
2797,"2017-09-30 15:04:29.477824",std_H2O,str#226,52.7377624310886
2797,"2017-09-30 15:04:29.477824",mean_H2O,str#226,19729.8312973992
2797,"2017-09-30 15:04:29.477824",cows_readytime,str#226,1200.0
2797,"2017-09-30 15:04:29.477824",mean_d18O,str#226,-29.663524228995
2797,"2017-09-30 15:04:29.477824",mean_d2H,str#226,-121.954408199713
2800,"2017-09-30 15:42:05.828535",flushspeed,Raincollector1,3.40054955505303
2800,"2017-09-30 15:42:05.828535",samplevol,Raincollector1,66.7935943603516
2799,"2017-09-30 15:23:57.730750",cows_switchtime,CoWSstd2,1020.0
2799,"2017-09-30 15:23:57.730750",std_d18O,CoWSstd2,0.173533880353382
2799,"2017-09-30 15:23:57.730750",std_d2H,CoWSstd2,0.369926476426289
2799,"2017-09-30 15:23:57.730750",std_H2O,CoWSstd2,39.4246295261199
2799,"2017-09-30 15:23:57.730750",mean_H2O,CoWSstd2,19674.0217845423
2799,"2017-09-30 15:23:57.730750",cows_readytime,CoWSstd2,1200.0
2799,"2017-09-30 15:23:57.730750",mean_d18O,CoWSstd2,-40.3291410849282
2799,"2017-09-30 15:23:57.730750",mean_d2H,CoWSstd2,-202.487663993272
2800,"2017-09-30 15:42:05.828535",sourceid,Raincollector1,1.0
2800,"2017-09-30 15:42:05.828535",cows_switchtime,Raincollector1,1020.0
2800,"2017-09-30 15:42:05.828535",std_d18O,Raincollector1,0.19625482675748
2800,"2017-09-30 15:42:05.828535",std_d2H,Raincollector1,0.334939368386207
2800,"2017-09-30 15:42:05.828535",std_H2O,Raincollector1,62.8391641542771
2800,"2017-09-30 15:42:05.828535",mean_H2O,Raincollector1,19941.3763909938
2800,"2017-09-30 15:42:05.828535",cows_readytime,Raincollector1,1200.0
2800,"2017-09-30 15:42:05.828535",mean_d18O,Raincollector1,-26.7579047328378
2800,"2017-09-30 15:42:05.828535",mean_d2H,Raincollector1,-101.225836916724
2801,"2017-09-30 16:03:48.177733",flushspeed,str#176,3.02412718660845
2801,"2017-09-30 16:03:48.177733",samplevol,str#176,72.7423553466797
2801,"2017-09-30 16:03:48.177733",sourceid,str#176,2.0
2801,"2017-09-30 16:03:48.177733",cows_switchtime,str#176,1020.0
2801,"2017-09-30 16:03:48.177733",std_d18O,str#176,0.171846059974844
2801,"2017-09-30 16:03:48.177733",std_d2H,str#176,0.402976029363794
2801,"2017-09-30 16:03:48.177733",std_H2O,str#176,33.7951842356522
2801,"2017-09-30 16:03:48.177733",mean_H2O,str#176,19785.0937094536
2801,"2017-09-30 16:03:48.177733",cows_readytime,str#176,1200.0
2801,"2017-09-30 16:03:48.177733",mean_d18O,str#176,-29.4946719232953
2801,"2017-09-30 16:03:48.177733",mean_d2H,str#176,-120.692348807029
2802,"2017-09-30 16:26:28.161181",flushspeed,str#226,1.53170227682639
2802,"2017-09-30 16:26:28.161181",samplevol,str#226,65.2489852905273
2802,"2017-09-30 16:26:28.161181",sourceid,str#226,3.0
2803,"2017-09-30 16:46:09.843294",flushspeed,gw#195,1.44416422150836
2803,"2017-09-30 16:46:09.843294",samplevol,gw#195,71.4168090820312
2802,"2017-09-30 16:26:28.161181",cows_switchtime,str#226,1020.0
2802,"2017-09-30 16:26:28.161181",std_d18O,str#226,0.189497426455833
2802,"2017-09-30 16:26:28.161181",std_d2H,str#226,0.365429636231338
2802,"2017-09-30 16:26:28.161181",std_H2O,str#226,21.1855512700622
2802,"2017-09-30 16:26:28.161181",mean_H2O,str#226,19774.8768198903
2802,"2017-09-30 16:26:28.161181",cows_readytime,str#226,1200.0
2802,"2017-09-30 16:26:28.161181",mean_d18O,str#226,-29.6034776011958
2802,"2017-09-30 16:26:28.161181",mean_d2H,str#226,-122.056486608923
2803,"2017-09-30 16:46:09.843294",sourceid,gw#195,4.0
